canonical_name,device_type,ownership,controller,source_machine,word,bit,direction,physical_endpoint,module,slot,final_status,confidence,source_evidence_count,assignable,critical,reason,deterministic_code
13ES1_AUX,SAFETY,FOREIGN,MSCRENOPACK,MSCRENOPACK,102,11,,,,,FOREIGN_CONTROLLER,PROVEN,1,False,True,Machine_Name=MSCRENOPACK != MSCRENOPICK,EXPLICIT_FOREIGN_MACHINE
13ESR1_AUX,ESR,FOREIGN,MSCRENOPACK,MSCRENOPACK,101,3,,,,,FOREIGN_CONTROLLER,PROVEN,1,False,True,Machine_Name=MSCRENOPACK != MSCRENOPICK,EXPLICIT_FOREIGN_MACHINE
13MCR1_AUX,MCR,FOREIGN,MSCRENOPACK,MSCRENOPACK,101,10,,,,,FOREIGN_CONTROLLER,PROVEN,1,False,True,Machine_Name=MSCRENOPACK != MSCRENOPICK,EXPLICIT_FOREIGN_MACHINE
13PBSTART,PUSHBUTTON_CONTROL,FOREIGN,MSCRENOPACK,MSCRENOPACK,101,1,,,,,FOREIGN_CONTROLLER,PROVEN,1,False,True,Machine_Name=MSCRENOPACK != MSCRENOPICK,EXPLICIT_FOREIGN_MACHINE
13PBSTART_PLT,PUSHBUTTON_CONTROL,FOREIGN,MSCRENOPACK,MSCRENOPACK,105,11,,,,,FOREIGN_CONTROLLER,PROVEN,1,False,True,Machine_Name=MSCRENOPACK != MSCRENOPICK,EXPLICIT_FOREIGN_MACHINE
13PBSTOP,PUSHBUTTON_CONTROL,FOREIGN,MSCRENOPACK,MSCRENOPACK,101,2,,,,,FOREIGN_CONTROLLER,PROVEN,1,False,True,Machine_Name=MSCRENOPACK != MSCRENOPICK,EXPLICIT_FOREIGN_MACHINE
13PBSTOP_PLT,PUSHBUTTON_CONTROL,FOREIGN,MSCRENOPACK,MSCRENOPACK,105,12,,,,,FOREIGN_CONTROLLER,PROVEN,1,False,True,Machine_Name=MSCRENOPACK != MSCRENOPICK,EXPLICIT_FOREIGN_MACHINE
14ES1_AUX,SAFETY,FOREIGN,MSCRENOPACK,MSCRENOPACK,400,1,,,,,FOREIGN_CONTROLLER,PROVEN,1,False,True,Machine_Name=MSCRENOPACK != MSCRENOPICK,EXPLICIT_FOREIGN_MACHINE
14MCR1_AUX,MCR,FOREIGN,MSCRENOPACK,MSCRENOPACK,400,2,,,,,FOREIGN_CONTROLLER,PROVEN,1,False,True,Machine_Name=MSCRENOPACK != MSCRENOPICK,EXPLICIT_FOREIGN_MACHINE
14MCR1_R1_AUX,MCR,FOREIGN,MSCRENOPACK,MSCRENOPACK,600,0,,,,,FOREIGN_CONTROLLER,PROVEN,1,False,True,Machine_Name=MSCRENOPACK != MSCRENOPICK,EXPLICIT_FOREIGN_MACHINE
14MCR1_R2_AUX,MCR,FOREIGN,MSCRENOPACK,MSCRENOPACK,500,1,,,,,FOREIGN_CONTROLLER,PROVEN,1,False,True,Machine_Name=MSCRENOPACK != MSCRENOPICK,EXPLICIT_FOREIGN_MACHINE
3PBSTART,PUSHBUTTON_CONTROL,FOREIGN,MSCRENOPACK,MSCRENOPACK,1017,15,,,,,FOREIGN_CONTROLLER,PROVEN,1,False,True,Machine_Name=MSCRENOPACK != MSCRENOPICK,EXPLICIT_FOREIGN_MACHINE
4PBSTART,PUSHBUTTON_CONTROL,FOREIGN,MSCRENOPACK,MSCRENOPACK,1032,15,,,,,FOREIGN_CONTROLLER,PROVEN,1,False,True,Machine_Name=MSCRENOPACK != MSCRENOPICK,EXPLICIT_FOREIGN_MACHINE
4PBSTART_PLT,PUSHBUTTON_CONTROL,FOREIGN,MSCRENOPACK,MSCRENOPACK,1034,10,,,,,FOREIGN_CONTROLLER,PROVEN,1,False,True,Machine_Name=MSCRENOPACK != MSCRENOPICK,EXPLICIT_FOREIGN_MACHINE
5PBSTART,PUSHBUTTON_CONTROL,FOREIGN,MSCRENOPACK,MSCRENOPACK,1044,2,,,,,FOREIGN_CONTROLLER,PROVEN,1,False,True,Machine_Name=MSCRENOPACK != MSCRENOPICK,EXPLICIT_FOREIGN_MACHINE
ESLS1,ESLS,UNKNOWN,,N/A,1100,17,I,1100.15,,,ENGINEER_CONFIRM_REQUIRED,DERIVED,3,False,True,AI/Relay could not prove ownership — engineer confirmation required,WORD_NOT_IN_ACTIVE_CONFIGIO
ESLS13P7-1,ESLS,UNKNOWN,,N/A,1132,16,I,1132.14,,,ENGINEER_CONFIRM_REQUIRED,DERIVED,3,False,True,AI/Relay could not prove ownership — engineer confirmation required,WORD_NOT_IN_ACTIVE_CONFIGIO
ESLS13P7-2,ESLS,UNKNOWN,,N/A,1132,15,I,1132.13,,,ENGINEER_CONFIRM_REQUIRED,DERIVED,3,False,True,AI/Relay could not prove ownership — engineer confirmation required,WORD_NOT_IN_ACTIVE_CONFIGIO
ESLS13P9-1,ESLS,UNKNOWN,,N/A,1133,12,I,1133.10,,,ENGINEER_CONFIRM_REQUIRED,DERIVED,3,False,True,AI/Relay could not prove ownership — engineer confirmation required,WORD_NOT_IN_ACTIVE_CONFIGIO
ESLS13P9-2,ESLS,UNKNOWN,,N/A,1133,13,I,1133.11,,,ENGINEER_CONFIRM_REQUIRED,DERIVED,3,False,True,AI/Relay could not prove ownership — engineer confirmation required,WORD_NOT_IN_ACTIVE_CONFIGIO
ESLS2,ESLS,LOCAL,MSCRENOPICK,MSCRENOPICK,1142,13,I,AENTR2:2:I.Data.3,AENTR2,2,MAPPED,PROVEN,3,True,True,mapped in physical_io_map / L5X,ENDPOINT_ON_ACTIVE_CONTROLLER
ESLS500L,ESLS,FOREIGN,MSCRENOPACK,MSCRENOPACK,102,0,I,,,,FOREIGN_CONTROLLER,PROVEN,2,False,True,Machine_Name=MSCRENOPACK != MSCRENOPICK,EXPLICIT_FOREIGN_MACHINE
ESLS500R,ESLS,FOREIGN,MSCRENOPACK,MSCRENOPACK,102,1,I,,,,FOREIGN_CONTROLLER,PROVEN,2,False,True,Machine_Name=MSCRENOPACK != MSCRENOPICK,EXPLICIT_FOREIGN_MACHINE
ESLS512L,ESLS,FOREIGN,MSCRENOPACK,MSCRENOPACK,102,3,I,,,,FOREIGN_CONTROLLER,PROVEN,2,False,True,Machine_Name=MSCRENOPACK != MSCRENOPICK,EXPLICIT_FOREIGN_MACHINE
ESLS512R,ESLS,FOREIGN,MSCRENOPACK,MSCRENOPACK,102,2,I,,,,FOREIGN_CONTROLLER,PROVEN,2,False,True,Machine_Name=MSCRENOPACK != MSCRENOPICK,EXPLICIT_FOREIGN_MACHINE
ESLS522,ESLS,FOREIGN,MSCRENOPACK,MSCRENOPACK,102,10,I,,,,FOREIGN_CONTROLLER,PROVEN,2,False,True,Machine_Name=MSCRENOPACK != MSCRENOPICK,EXPLICIT_FOREIGN_MACHINE
ESPB124,ESPB,UNKNOWN,,N/A,1113,13,I,1113.11,,,ENGINEER_CONFIRM_REQUIRED,DERIVED,3,False,True,AI/Relay could not prove ownership — engineer confirmation required,WORD_NOT_IN_ACTIVE_CONFIGIO
ESPB13-RBA,ESPB,UNKNOWN,,N/A,1123,7,I,1123.7,,,ENGINEER_CONFIRM_REQUIRED,DERIVED,3,False,True,AI/Relay could not prove ownership — engineer confirmation required,WORD_NOT_IN_ACTIVE_CONFIGIO
ESPB13-RBB,ESPB,UNKNOWN,,N/A,1123,10,I,1123.8,,,ENGINEER_CONFIRM_REQUIRED,DERIVED,3,False,True,AI/Relay could not prove ownership — engineer confirmation required,WORD_NOT_IN_ACTIVE_CONFIGIO
ESPB1O,ESPB,UNKNOWN,,N/A,,,I,,,,ENGINEER_CONFIRM_REQUIRED,UNKNOWN,1,False,True,AI/Relay could not prove ownership — engineer confirmation required,OWNERSHIP_UNRESOLVED
ESPB1_1,ESPB,FOREIGN,MSCRENOPACK,MSCRENOPACK,1053,7,I,,,,FOREIGN_CONTROLLER,PROVEN,2,False,True,Machine_Name=MSCRENOPACK != MSCRENOPICK,EXPLICIT_FOREIGN_MACHINE
ESPB2,ESPB,LOCAL,MSCRENOPICK,MSCRENOPICK,1006,14,I,AENTR3:4:I.Data.4,AENTR3,4,MAPPED,PROVEN,3,True,True,mapped in physical_io_map / L5X,ENDPOINT_ON_ACTIVE_CONTROLLER
ESPB20,ESPB,UNKNOWN,,N/A,1131,5,I,1131.5,,,ENGINEER_CONFIRM_REQUIRED,DERIVED,3,False,True,AI/Relay could not prove ownership — engineer confirmation required,WORD_NOT_IN_ACTIVE_CONFIGIO
ESPB21,ESPB,UNKNOWN,,N/A,1120,10,I,1120.8,,,ENGINEER_CONFIRM_REQUIRED,DERIVED,3,False,True,AI/Relay could not prove ownership — engineer confirmation required,WORD_NOT_IN_ACTIVE_CONFIGIO
ESPB22,ESPB,UNKNOWN,,N/A,1107,4,I,1107.4,,,ENGINEER_CONFIRM_REQUIRED,DERIVED,3,False,True,AI/Relay could not prove ownership — engineer confirmation required,WORD_NOT_IN_ACTIVE_CONFIGIO
ESPB23,ESPB,UNKNOWN,,N/A,1101,0,I,1101.0,,,ENGINEER_CONFIRM_REQUIRED,DERIVED,3,False,True,AI/Relay could not prove ownership — engineer confirmation required,WORD_NOT_IN_ACTIVE_CONFIGIO
ESPB24,ESPB,LOCAL,MSCRENOPICK,MSCRENOPICK,1001,7,I,AENTR1:3:I.Data.7,AENTR1,3,MAPPED,PROVEN,3,True,True,mapped in physical_io_map / L5X,ENDPOINT_ON_ACTIVE_CONTROLLER
ESPB27,ESPB,FOREIGN,MSCRENOPACK,MSCRENOPACK,1056,15,I,,,,FOREIGN_CONTROLLER,PROVEN,2,False,True,Machine_Name=MSCRENOPACK != MSCRENOPICK,EXPLICIT_FOREIGN_MACHINE
ESPB28,ESPB,UNKNOWN,,N/A,1101,2,I,1101.2,,,ENGINEER_CONFIRM_REQUIRED,DERIVED,3,False,True,AI/Relay could not prove ownership — engineer confirmation required,WORD_NOT_IN_ACTIVE_CONFIGIO
ESPB29,ESPB,UNKNOWN,,N/A,1107,5,I,1107.5,,,ENGINEER_CONFIRM_REQUIRED,DERIVED,3,False,True,AI/Relay could not prove ownership — engineer confirmation required,WORD_NOT_IN_ACTIVE_CONFIGIO
ESPB3,ESPB,FOREIGN,MSCRENOPACK,MSCRENOPACK,1043,16,I,,,,FOREIGN_CONTROLLER,PROVEN,2,False,True,Machine_Name=MSCRENOPACK != MSCRENOPICK,EXPLICIT_FOREIGN_MACHINE
ESPB30,ESPB,UNKNOWN,,N/A,1120,11,I,1120.9,,,ENGINEER_CONFIRM_REQUIRED,DERIVED,3,False,True,unrecognized_classification:,WORD_NOT_IN_ACTIVE_CONFIGIO
ESPB31,ESPB,UNKNOWN,,N/A,1131,6,I,1131.6,,,ENGINEER_CONFIRM_REQUIRED,DERIVED,3,False,True,AI/Relay could not prove ownership — engineer confirmation required,WORD_NOT_IN_ACTIVE_CONFIGIO
ESPB32,ESPB,LOCAL,MSCRENOPICK,MSCRENOPICK,1143,0,I,AENTR2:3:I.Data.0,AENTR2,3,MAPPED,PROVEN,3,True,True,mapped in physical_io_map / L5X,ENDPOINT_ON_ACTIVE_CONTROLLER
ESPB33,ESPB,UNKNOWN,,N/A,1131,7,I,1131.7,,,ENGINEER_CONFIRM_REQUIRED,DERIVED,3,False,True,AI/Relay could not prove ownership — engineer confirmation required,WORD_NOT_IN_ACTIVE_CONFIGIO
ESPB4,ESPB,FOREIGN,MSCRENOPACK,MSCRENOPACK,1043,17,I,,,,FOREIGN_CONTROLLER,PROVEN,2,False,True,Machine_Name=MSCRENOPACK != MSCRENOPICK,EXPLICIT_FOREIGN_MACHINE
ESPB6,ESPB,FOREIGN,MSCRENOPACK,MSCRENOPACK,1052,15,I,,,,FOREIGN_CONTROLLER,PROVEN,2,False,True,Machine_Name=MSCRENOPACK != MSCRENOPICK,EXPLICIT_FOREIGN_MACHINE
ESPB_PA3,ESPB,UNKNOWN,,N/A,1113,12,I,1113.10,,,UNSUPPORTED,DERIVED,3,False,True,safety_like_name_without_supported_device_grammar,WORD_NOT_IN_ACTIVE_CONFIGIO
ESSTOP1,SAFETY,UNKNOWN,,N/A,,,,,,,UNSUPPORTED,UNKNOWN,1,False,True,safety_like_name_without_supported_device_grammar,OWNERSHIP_UNRESOLVED
PB10_JR,PUSHBUTTON_CONTROL,FOREIGN,MSCRENOPACK,MSCRENOPACK,1056,16,,,,,FOREIGN_CONTROLLER,PROVEN,1,False,True,Machine_Name=MSCRENOPACK != MSCRENOPICK,EXPLICIT_FOREIGN_MACHINE
PB200A_JR,PUSHBUTTON_CONTROL,FOREIGN,MSCRENOPACK,MSCRENOPACK,104,10,,,,,FOREIGN_CONTROLLER,PROVEN,1,False,True,Machine_Name=MSCRENOPACK != MSCRENOPICK,EXPLICIT_FOREIGN_MACHINE
PB200B_JR,PUSHBUTTON_CONTROL,FOREIGN,MSCRENOPACK,MSCRENOPACK,104,11,,,,,FOREIGN_CONTROLLER,PROVEN,1,False,True,Machine_Name=MSCRENOPACK != MSCRENOPICK,EXPLICIT_FOREIGN_MACHINE
PB400_JR,PUSHBUTTON_CONTROL,FOREIGN,MSCRENOPACK,MSCRENOPACK,104,12,,,,,FOREIGN_CONTROLLER,PROVEN,1,False,True,Machine_Name=MSCRENOPACK != MSCRENOPICK,EXPLICIT_FOREIGN_MACHINE
PB6_JR,PUSHBUTTON_CONTROL,UNKNOWN,,N/A,1101,1,I,,,,ENGINEER_CONFIRM_REQUIRED,DERIVED,1,False,True,AI/Relay could not prove ownership — engineer confirmation required,WORD_NOT_IN_ACTIVE_CONFIGIO
SS1,PUSHBUTTON_CONTROL,FOREIGN,MSCRENOPACK,MSCRENOPACK,1017,5,,,,,FOREIGN_CONTROLLER,PROVEN,1,False,True,Machine_Name=MSCRENOPACK != MSCRENOPICK,EXPLICIT_FOREIGN_MACHINE
SS10,PUSHBUTTON_CONTROL,FOREIGN,MSCRENOPACK,MSCRENOPACK,1032,7,,,,,FOREIGN_CONTROLLER,PROVEN,1,False,True,Machine_Name=MSCRENOPACK != MSCRENOPICK,EXPLICIT_FOREIGN_MACHINE
SS11,PUSHBUTTON_CONTROL,FOREIGN,MSCRENOPACK,MSCRENOPACK,1032,10,,,,,FOREIGN_CONTROLLER,PROVEN,1,False,True,Machine_Name=MSCRENOPACK != MSCRENOPICK,EXPLICIT_FOREIGN_MACHINE
SS12,PUSHBUTTON_CONTROL,FOREIGN,MSCRENOPACK,MSCRENOPACK,1032,11,,,,,FOREIGN_CONTROLLER,PROVEN,1,False,True,Machine_Name=MSCRENOPACK != MSCRENOPICK,EXPLICIT_FOREIGN_MACHINE
SS1200,PUSHBUTTON_CONTROL,FOREIGN,MSCRENOPACK,MSCRENOPACK,507,12,,,,,FOREIGN_CONTROLLER,PROVEN,1,False,True,Machine_Name=MSCRENOPACK != MSCRENOPICK,EXPLICIT_FOREIGN_MACHINE
SS1202,PUSHBUTTON_CONTROL,FOREIGN,MSCRENOPACK,MSCRENOPACK,507,13,,,,,FOREIGN_CONTROLLER,PROVEN,1,False,True,Machine_Name=MSCRENOPACK != MSCRENOPICK,EXPLICIT_FOREIGN_MACHINE
SS1204,PUSHBUTTON_CONTROL,FOREIGN,MSCRENOPACK,MSCRENOPACK,507,14,,,,,FOREIGN_CONTROLLER,PROVEN,1,False,True,Machine_Name=MSCRENOPACK != MSCRENOPICK,EXPLICIT_FOREIGN_MACHINE
SS1206,PUSHBUTTON_CONTROL,FOREIGN,MSCRENOPACK,MSCRENOPACK,507,15,,,,,FOREIGN_CONTROLLER,PROVEN,1,False,True,Machine_Name=MSCRENOPACK != MSCRENOPICK,EXPLICIT_FOREIGN_MACHINE
SS1208,PUSHBUTTON_CONTROL,FOREIGN,MSCRENOPACK,MSCRENOPACK,507,16,,,,,FOREIGN_CONTROLLER,PROVEN,1,False,True,Machine_Name=MSCRENOPACK != MSCRENOPICK,EXPLICIT_FOREIGN_MACHINE
SS1210,PUSHBUTTON_CONTROL,FOREIGN,MSCRENOPACK,MSCRENOPACK,507,17,,,,,FOREIGN_CONTROLLER,PROVEN,1,False,True,Machine_Name=MSCRENOPACK != MSCRENOPICK,EXPLICIT_FOREIGN_MACHINE
SS1212,PUSHBUTTON_CONTROL,FOREIGN,MSCRENOPACK,MSCRENOPACK,510,0,,,,,FOREIGN_CONTROLLER,PROVEN,1,False,True,Machine_Name=MSCRENOPACK != MSCRENOPICK,EXPLICIT_FOREIGN_MACHINE
SS1214,PUSHBUTTON_CONTROL,FOREIGN,MSCRENOPACK,MSCRENOPACK,510,1,,,,,FOREIGN_CONTROLLER,PROVEN,1,False,True,Machine_Name=MSCRENOPACK != MSCRENOPICK,EXPLICIT_FOREIGN_MACHINE
SS1216,PUSHBUTTON_CONTROL,FOREIGN,MSCRENOPACK,MSCRENOPACK,510,2,,,,,FOREIGN_CONTROLLER,PROVEN,1,False,True,Machine_Name=MSCRENOPACK != MSCRENOPICK,EXPLICIT_FOREIGN_MACHINE
SS1218,PUSHBUTTON_CONTROL,FOREIGN,MSCRENOPACK,MSCRENOPACK,510,3,,,,,FOREIGN_CONTROLLER,PROVEN,1,False,True,Machine_Name=MSCRENOPACK != MSCRENOPICK,EXPLICIT_FOREIGN_MACHINE
SS1220,PUSHBUTTON_CONTROL,FOREIGN,MSCRENOPACK,MSCRENOPACK,510,4,,,,,FOREIGN_CONTROLLER,PROVEN,1,False,True,Machine_Name=MSCRENOPACK != MSCRENOPICK,EXPLICIT_FOREIGN_MACHINE
SS1222,PUSHBUTTON_CONTROL,FOREIGN,MSCRENOPACK,MSCRENOPACK,610,14,,,,,FOREIGN_CONTROLLER,PROVEN,1,False,True,Machine_Name=MSCRENOPACK != MSCRENOPICK,EXPLICIT_FOREIGN_MACHINE
SS1224,PUSHBUTTON_CONTROL,FOREIGN,MSCRENOPACK,MSCRENOPACK,610,15,,,,,FOREIGN_CONTROLLER,PROVEN,1,False,True,Machine_Name=MSCRENOPACK != MSCRENOPICK,EXPLICIT_FOREIGN_MACHINE
SS1226,PUSHBUTTON_CONTROL,FOREIGN,MSCRENOPACK,MSCRENOPACK,610,16,,,,,FOREIGN_CONTROLLER,PROVEN,1,False,True,Machine_Name=MSCRENOPACK != MSCRENOPICK,EXPLICIT_FOREIGN_MACHINE
SS1228,PUSHBUTTON_CONTROL,FOREIGN,MSCRENOPACK,MSCRENOPACK,610,17,,,,,FOREIGN_CONTROLLER,PROVEN,1,False,True,Machine_Name=MSCRENOPACK != MSCRENOPICK,EXPLICIT_FOREIGN_MACHINE
SS1230,PUSHBUTTON_CONTROL,FOREIGN,MSCRENOPACK,MSCRENOPACK,611,0,,,,,FOREIGN_CONTROLLER,PROVEN,1,False,True,Machine_Name=MSCRENOPACK != MSCRENOPICK,EXPLICIT_FOREIGN_MACHINE
SS1232,PUSHBUTTON_CONTROL,FOREIGN,MSCRENOPACK,MSCRENOPACK,611,1,,,,,FOREIGN_CONTROLLER,PROVEN,1,False,True,Machine_Name=MSCRENOPACK != MSCRENOPICK,EXPLICIT_FOREIGN_MACHINE
SS1234,PUSHBUTTON_CONTROL,FOREIGN,MSCRENOPACK,MSCRENOPACK,611,2,,,,,FOREIGN_CONTROLLER,PROVEN,1,False,True,Machine_Name=MSCRENOPACK != MSCRENOPICK,EXPLICIT_FOREIGN_MACHINE
SS1236,PUSHBUTTON_CONTROL,FOREIGN,MSCRENOPACK,MSCRENOPACK,611,3,,,,,FOREIGN_CONTROLLER,PROVEN,1,False,True,Machine_Name=MSCRENOPACK != MSCRENOPICK,EXPLICIT_FOREIGN_MACHINE
SS1238,PUSHBUTTON_CONTROL,FOREIGN,MSCRENOPACK,MSCRENOPACK,611,4,,,,,FOREIGN_CONTROLLER,PROVEN,1,False,True,Machine_Name=MSCRENOPACK != MSCRENOPICK,EXPLICIT_FOREIGN_MACHINE
SS1240,PUSHBUTTON_CONTROL,FOREIGN,MSCRENOPACK,MSCRENOPACK,611,5,,,,,FOREIGN_CONTROLLER,PROVEN,1,False,True,Machine_Name=MSCRENOPACK != MSCRENOPICK,EXPLICIT_FOREIGN_MACHINE
SS1242,PUSHBUTTON_CONTROL,FOREIGN,MSCRENOPACK,MSCRENOPACK,611,6,,,,,FOREIGN_CONTROLLER,PROVEN,1,False,True,Machine_Name=MSCRENOPACK != MSCRENOPICK,EXPLICIT_FOREIGN_MACHINE
SS1244,PUSHBUTTON_CONTROL,FOREIGN,MSCRENOPACK,MSCRENOPACK,611,7,,,,,FOREIGN_CONTROLLER,PROVEN,1,False,True,Machine_Name=MSCRENOPACK != MSCRENOPICK,EXPLICIT_FOREIGN_MACHINE
SS13,PUSHBUTTON_CONTROL,FOREIGN,MSCRENOPACK,MSCRENOPACK,1043,10,,,,,FOREIGN_CONTROLLER,PROVEN,1,False,True,Machine_Name=MSCRENOPACK != MSCRENOPICK,EXPLICIT_FOREIGN_MACHINE
SS13P7,PUSHBUTTON_CONTROL,UNKNOWN,,N/A,1132,14,I,,,,ENGINEER_CONFIRM_REQUIRED,DERIVED,1,False,True,AI/Relay could not prove ownership — engineer confirmation required,WORD_NOT_IN_ACTIVE_CONFIGIO
SS13P9,PUSHBUTTON_CONTROL,UNKNOWN,,N/A,1133,11,I,,,,ENGINEER_CONFIRM_REQUIRED,DERIVED,1,False,True,AI/Relay could not prove ownership — engineer confirmation required,WORD_NOT_IN_ACTIVE_CONFIGIO
SS14,PUSHBUTTON_CONTROL,FOREIGN,MSCRENOPACK,MSCRENOPACK,1043,11,,,,,FOREIGN_CONTROLLER,PROVEN,1,False,True,Machine_Name=MSCRENOPACK != MSCRENOPICK,EXPLICIT_FOREIGN_MACHINE
SS15,PUSHBUTTON_CONTROL,FOREIGN,MSCRENOPACK,MSCRENOPACK,1043,12,,,,,FOREIGN_CONTROLLER,PROVEN,1,False,True,Machine_Name=MSCRENOPACK != MSCRENOPICK,EXPLICIT_FOREIGN_MACHINE
SS16,PUSHBUTTON_CONTROL,FOREIGN,MSCRENOPACK,MSCRENOPACK,1043,13,,,,,FOREIGN_CONTROLLER,PROVEN,1,False,True,Machine_Name=MSCRENOPACK != MSCRENOPICK,EXPLICIT_FOREIGN_MACHINE
SS17,PUSHBUTTON_CONTROL,FOREIGN,MSCRENOPACK,MSCRENOPACK,1043,14,,,,,FOREIGN_CONTROLLER,PROVEN,1,False,True,Machine_Name=MSCRENOPACK != MSCRENOPICK,EXPLICIT_FOREIGN_MACHINE
SS18,PUSHBUTTON_CONTROL,FOREIGN,MSCRENOPACK,MSCRENOPACK,1043,15,,,,,FOREIGN_CONTROLLER,PROVEN,1,False,True,Machine_Name=MSCRENOPACK != MSCRENOPICK,EXPLICIT_FOREIGN_MACHINE
SS2,PUSHBUTTON_CONTROL,FOREIGN,MSCRENOPACK,MSCRENOPACK,1017,6,,,,,FOREIGN_CONTROLLER,PROVEN,1,False,True,Machine_Name=MSCRENOPACK != MSCRENOPICK,EXPLICIT_FOREIGN_MACHINE
SS3,PUSHBUTTON_CONTROL,FOREIGN,MSCRENOPACK,MSCRENOPACK,1017,7,,,,,FOREIGN_CONTROLLER,PROVEN,1,False,True,Machine_Name=MSCRENOPACK != MSCRENOPICK,EXPLICIT_FOREIGN_MACHINE
SS4,PUSHBUTTON_CONTROL,FOREIGN,MSCRENOPACK,MSCRENOPACK,1017,10,,,,,FOREIGN_CONTROLLER,PROVEN,1,False,True,Machine_Name=MSCRENOPACK != MSCRENOPICK,EXPLICIT_FOREIGN_MACHINE
SS5,PUSHBUTTON_CONTROL,FOREIGN,MSCRENOPACK,MSCRENOPACK,1017,11,,,,,FOREIGN_CONTROLLER,PROVEN,1,False,True,Machine_Name=MSCRENOPACK != MSCRENOPICK,EXPLICIT_FOREIGN_MACHINE
SS6,PUSHBUTTON_CONTROL,FOREIGN,MSCRENOPACK,MSCRENOPACK,1017,12,,,,,FOREIGN_CONTROLLER,PROVEN,1,False,True,Machine_Name=MSCRENOPACK != MSCRENOPICK,EXPLICIT_FOREIGN_MACHINE
SS7,PUSHBUTTON_CONTROL,FOREIGN,MSCRENOPACK,MSCRENOPACK,1032,4,,,,,FOREIGN_CONTROLLER,PROVEN,1,False,True,Machine_Name=MSCRENOPACK != MSCRENOPICK,EXPLICIT_FOREIGN_MACHINE
SS8,PUSHBUTTON_CONTROL,FOREIGN,MSCRENOPACK,MSCRENOPACK,1032,5,,,,,FOREIGN_CONTROLLER,PROVEN,1,False,True,Machine_Name=MSCRENOPACK != MSCRENOPICK,EXPLICIT_FOREIGN_MACHINE
SS9,PUSHBUTTON_CONTROL,FOREIGN,MSCRENOPACK,MSCRENOPACK,1032,6,,,,,FOREIGN_CONTROLLER,PROVEN,1,False,True,Machine_Name=MSCRENOPACK != MSCRENOPICK,EXPLICIT_FOREIGN_MACHINE
AENTR1:I.Data[1].0,PHYSICAL_CHANNEL,LOCAL,MSCRENOPICK,MSCRENOPICK,1000,0,I,AENTR1:I.Data[1].0,AENTR1,1,SPARE_UNUSED,DERIVED,1,False,False,unoccupied active-controller physical channel,LOCAL_SPARE_CHANNEL
AENTR1:I.Data[1].1,PHYSICAL_CHANNEL,LOCAL,MSCRENOPICK,MSCRENOPICK,1000,1,I,AENTR1:I.Data[1].1,AENTR1,1,SPARE_UNUSED,DERIVED,1,False,False,unoccupied active-controller physical channel,LOCAL_SPARE_CHANNEL
AENTR1:I.Data[1].2,PHYSICAL_CHANNEL,LOCAL,MSCRENOPICK,MSCRENOPICK,1000,2,I,AENTR1:I.Data[1].2,AENTR1,1,SPARE_UNUSED,DERIVED,1,False,False,unoccupied active-controller physical channel,LOCAL_SPARE_CHANNEL
AENTR1:I.Data[1].3,PHYSICAL_CHANNEL,LOCAL,MSCRENOPICK,MSCRENOPICK,1000,3,I,AENTR1:I.Data[1].3,AENTR1,1,SPARE_UNUSED,DERIVED,1,False,False,unoccupied active-controller physical channel,LOCAL_SPARE_CHANNEL
AENTR1:I.Data[1].4,PHYSICAL_CHANNEL,LOCAL,MSCRENOPICK,MSCRENOPICK,1000,4,I,AENTR1:I.Data[1].4,AENTR1,1,SPARE_UNUSED,DERIVED,1,False,False,unoccupied active-controller physical channel,LOCAL_SPARE_CHANNEL
AENTR1:I.Data[1].5,PHYSICAL_CHANNEL,LOCAL,MSCRENOPICK,MSCRENOPICK,1000,5,I,AENTR1:I.Data[1].5,AENTR1,1,SPARE_UNUSED,DERIVED,1,False,False,unoccupied active-controller physical channel,LOCAL_SPARE_CHANNEL
AENTR1:I.Data[1].6,PHYSICAL_CHANNEL,LOCAL,MSCRENOPICK,MSCRENOPICK,1000,6,I,AENTR1:I.Data[1].6,AENTR1,1,SPARE_UNUSED,DERIVED,1,False,False,unoccupied active-controller physical channel,LOCAL_SPARE_CHANNEL
AENTR1:I.Data[1].7,PHYSICAL_CHANNEL,LOCAL,MSCRENOPICK,MSCRENOPICK,1000,7,I,AENTR1:I.Data[1].7,AENTR1,1,SPARE_UNUSED,DERIVED,1,False,False,unoccupied active-controller physical channel,LOCAL_SPARE_CHANNEL
AENTR1:I.Data[2].0,PHYSICAL_CHANNEL,LOCAL,MSCRENOPICK,MSCRENOPICK,1000,0,I,AENTR1:I.Data[2].0,AENTR1,2,SPARE_UNUSED,DERIVED,1,False,False,unoccupied active-controller physical channel,LOCAL_SPARE_CHANNEL
AENTR1:I.Data[2].1,PHYSICAL_CHANNEL,LOCAL,MSCRENOPICK,MSCRENOPICK,1000,1,I,AENTR1:I.Data[2].1,AENTR1,2,SPARE_UNUSED,DERIVED,1,False,False,unoccupied active-controller physical channel,LOCAL_SPARE_CHANNEL
AENTR1:I.Data[2].2,PHYSICAL_CHANNEL,LOCAL,MSCRENOPICK,MSCRENOPICK,1000,2,I,AENTR1:I.Data[2].2,AENTR1,2,SPARE_UNUSED,DERIVED,1,False,False,unoccupied active-controller physical channel,LOCAL_SPARE_CHANNEL
AENTR1:I.Data[2].3,PHYSICAL_CHANNEL,LOCAL,MSCRENOPICK,MSCRENOPICK,1000,3,I,AENTR1:I.Data[2].3,AENTR1,2,SPARE_UNUSED,DERIVED,1,False,False,unoccupied active-controller physical channel,LOCAL_SPARE_CHANNEL
AENTR1:I.Data[2].4,PHYSICAL_CHANNEL,LOCAL,MSCRENOPICK,MSCRENOPICK,1000,4,I,AENTR1:I.Data[2].4,AENTR1,2,SPARE_UNUSED,DERIVED,1,False,False,unoccupied active-controller physical channel,LOCAL_SPARE_CHANNEL
AENTR1:I.Data[2].5,PHYSICAL_CHANNEL,LOCAL,MSCRENOPICK,MSCRENOPICK,1000,5,I,AENTR1:I.Data[2].5,AENTR1,2,SPARE_UNUSED,DERIVED,1,False,False,unoccupied active-controller physical channel,LOCAL_SPARE_CHANNEL
AENTR1:I.Data[2].6,PHYSICAL_CHANNEL,LOCAL,MSCRENOPICK,MSCRENOPICK,1000,6,I,AENTR1:I.Data[2].6,AENTR1,2,SPARE_UNUSED,DERIVED,1,False,False,unoccupied active-controller physical channel,LOCAL_SPARE_CHANNEL
AENTR1:I.Data[2].7,PHYSICAL_CHANNEL,LOCAL,MSCRENOPICK,MSCRENOPICK,1000,7,I,AENTR1:I.Data[2].7,AENTR1,2,SPARE_UNUSED,DERIVED,1,False,False,unoccupied active-controller physical channel,LOCAL_SPARE_CHANNEL
AENTR1:I.Data[3].0,PHYSICAL_CHANNEL,LOCAL,MSCRENOPICK,MSCRENOPICK,1001,0,I,AENTR1:I.Data[3].0,AENTR1,3,SPARE_UNUSED,DERIVED,1,False,False,unoccupied active-controller physical channel,LOCAL_SPARE_CHANNEL
AENTR1:I.Data[3].1,PHYSICAL_CHANNEL,LOCAL,MSCRENOPICK,MSCRENOPICK,1001,1,I,AENTR1:I.Data[3].1,AENTR1,3,SPARE_UNUSED,DERIVED,1,False,False,unoccupied active-controller physical channel,LOCAL_SPARE_CHANNEL
AENTR1:I.Data[3].2,PHYSICAL_CHANNEL,LOCAL,MSCRENOPICK,MSCRENOPICK,1001,2,I,AENTR1:I.Data[3].2,AENTR1,3,SPARE_UNUSED,DERIVED,1,False,False,unoccupied active-controller physical channel,LOCAL_SPARE_CHANNEL
AENTR1:I.Data[3].3,PHYSICAL_CHANNEL,LOCAL,MSCRENOPICK,MSCRENOPICK,1001,3,I,AENTR1:I.Data[3].3,AENTR1,3,SPARE_UNUSED,DERIVED,1,False,False,unoccupied active-controller physical channel,LOCAL_SPARE_CHANNEL
AENTR1:I.Data[3].4,PHYSICAL_CHANNEL,LOCAL,MSCRENOPICK,MSCRENOPICK,1001,4,I,AENTR1:I.Data[3].4,AENTR1,3,SPARE_UNUSED,DERIVED,1,False,False,unoccupied active-controller physical channel,LOCAL_SPARE_CHANNEL
AENTR1:I.Data[3].5,PHYSICAL_CHANNEL,LOCAL,MSCRENOPICK,MSCRENOPICK,1001,5,I,AENTR1:I.Data[3].5,AENTR1,3,SPARE_UNUSED,DERIVED,1,False,False,unoccupied active-controller physical channel,LOCAL_SPARE_CHANNEL
AENTR1:I.Data[3].6,PHYSICAL_CHANNEL,LOCAL,MSCRENOPICK,MSCRENOPICK,1001,6,I,AENTR1:I.Data[3].6,AENTR1,3,SPARE_UNUSED,DERIVED,1,False,False,unoccupied active-controller physical channel,LOCAL_SPARE_CHANNEL
AENTR1:I.Data[4].0,PHYSICAL_CHANNEL,LOCAL,MSCRENOPICK,MSCRENOPICK,1001,0,I,AENTR1:I.Data[4].0,AENTR1,4,SPARE_UNUSED,DERIVED,1,False,False,unoccupied active-controller physical channel,LOCAL_SPARE_CHANNEL
AENTR1:I.Data[4].1,PHYSICAL_CHANNEL,LOCAL,MSCRENOPICK,MSCRENOPICK,1001,1,I,AENTR1:I.Data[4].1,AENTR1,4,SPARE_UNUSED,DERIVED,1,False,False,unoccupied active-controller physical channel,LOCAL_SPARE_CHANNEL
AENTR1:I.Data[4].2,PHYSICAL_CHANNEL,LOCAL,MSCRENOPICK,MSCRENOPICK,1001,2,I,AENTR1:I.Data[4].2,AENTR1,4,SPARE_UNUSED,DERIVED,1,False,False,unoccupied active-controller physical channel,LOCAL_SPARE_CHANNEL
AENTR1:I.Data[4].3,PHYSICAL_CHANNEL,LOCAL,MSCRENOPICK,MSCRENOPICK,1001,3,I,AENTR1:I.Data[4].3,AENTR1,4,SPARE_UNUSED,DERIVED,1,False,False,unoccupied active-controller physical channel,LOCAL_SPARE_CHANNEL
AENTR1:I.Data[4].4,PHYSICAL_CHANNEL,LOCAL,MSCRENOPICK,MSCRENOPICK,1001,4,I,AENTR1:I.Data[4].4,AENTR1,4,SPARE_UNUSED,DERIVED,1,False,False,unoccupied active-controller physical channel,LOCAL_SPARE_CHANNEL
AENTR1:I.Data[4].5,PHYSICAL_CHANNEL,LOCAL,MSCRENOPICK,MSCRENOPICK,1001,5,I,AENTR1:I.Data[4].5,AENTR1,4,SPARE_UNUSED,DERIVED,1,False,False,unoccupied active-controller physical channel,LOCAL_SPARE_CHANNEL
AENTR1:I.Data[4].6,PHYSICAL_CHANNEL,LOCAL,MSCRENOPICK,MSCRENOPICK,1001,6,I,AENTR1:I.Data[4].6,AENTR1,4,SPARE_UNUSED,DERIVED,1,False,False,unoccupied active-controller physical channel,LOCAL_SPARE_CHANNEL
AENTR1:O.Data[5].0,PHYSICAL_CHANNEL,LOCAL,MSCRENOPICK,MSCRENOPICK,1002,0,O,AENTR1:O.Data[5].0,AENTR1,5,SPARE_UNUSED,DERIVED,1,False,False,unoccupied active-controller physical channel,LOCAL_SPARE_CHANNEL
AENTR1:O.Data[5].1,PHYSICAL_CHANNEL,LOCAL,MSCRENOPICK,MSCRENOPICK,1002,1,O,AENTR1:O.Data[5].1,AENTR1,5,SPARE_UNUSED,DERIVED,1,False,False,unoccupied active-controller physical channel,LOCAL_SPARE_CHANNEL
AENTR1:O.Data[5].2,PHYSICAL_CHANNEL,LOCAL,MSCRENOPICK,MSCRENOPICK,1002,2,O,AENTR1:O.Data[5].2,AENTR1,5,SPARE_UNUSED,DERIVED,1,False,False,unoccupied active-controller physical channel,LOCAL_SPARE_CHANNEL
AENTR1:O.Data[5].3,PHYSICAL_CHANNEL,LOCAL,MSCRENOPICK,MSCRENOPICK,1002,3,O,AENTR1:O.Data[5].3,AENTR1,5,SPARE_UNUSED,DERIVED,1,False,False,unoccupied active-controller physical channel,LOCAL_SPARE_CHANNEL
AENTR1:O.Data[6].0,PHYSICAL_CHANNEL,LOCAL,MSCRENOPICK,MSCRENOPICK,1002,0,O,AENTR1:O.Data[6].0,AENTR1,6,SPARE_UNUSED,DERIVED,1,False,False,unoccupied active-controller physical channel,LOCAL_SPARE_CHANNEL
AENTR1:O.Data[6].1,PHYSICAL_CHANNEL,LOCAL,MSCRENOPICK,MSCRENOPICK,1002,1,O,AENTR1:O.Data[6].1,AENTR1,6,SPARE_UNUSED,DERIVED,1,False,False,unoccupied active-controller physical channel,LOCAL_SPARE_CHANNEL
AENTR1:O.Data[6].2,PHYSICAL_CHANNEL,LOCAL,MSCRENOPICK,MSCRENOPICK,1002,2,O,AENTR1:O.Data[6].2,AENTR1,6,SPARE_UNUSED,DERIVED,1,False,False,unoccupied active-controller physical channel,LOCAL_SPARE_CHANNEL
AENTR1:O.Data[6].3,PHYSICAL_CHANNEL,LOCAL,MSCRENOPICK,MSCRENOPICK,1002,3,O,AENTR1:O.Data[6].3,AENTR1,6,SPARE_UNUSED,DERIVED,1,False,False,unoccupied active-controller physical channel,LOCAL_SPARE_CHANNEL
AENTR1:O.Data[7].0,PHYSICAL_CHANNEL,LOCAL,MSCRENOPICK,MSCRENOPICK,1003,0,O,AENTR1:O.Data[7].0,AENTR1,7,SPARE_UNUSED,DERIVED,1,False,False,unoccupied active-controller physical channel,LOCAL_SPARE_CHANNEL
AENTR1:O.Data[7].1,PHYSICAL_CHANNEL,LOCAL,MSCRENOPICK,MSCRENOPICK,1003,1,O,AENTR1:O.Data[7].1,AENTR1,7,SPARE_UNUSED,DERIVED,1,False,False,unoccupied active-controller physical channel,LOCAL_SPARE_CHANNEL
AENTR1:O.Data[7].2,PHYSICAL_CHANNEL,LOCAL,MSCRENOPICK,MSCRENOPICK,1003,2,O,AENTR1:O.Data[7].2,AENTR1,7,SPARE_UNUSED,DERIVED,1,False,False,unoccupied active-controller physical channel,LOCAL_SPARE_CHANNEL
AENTR1:O.Data[7].3,PHYSICAL_CHANNEL,LOCAL,MSCRENOPICK,MSCRENOPICK,1003,3,O,AENTR1:O.Data[7].3,AENTR1,7,SPARE_UNUSED,DERIVED,1,False,False,unoccupied active-controller physical channel,LOCAL_SPARE_CHANNEL
AENTR1:O.Data[8].0,PHYSICAL_CHANNEL,LOCAL,MSCRENOPICK,MSCRENOPICK,1003,0,O,AENTR1:O.Data[8].0,AENTR1,8,SPARE_UNUSED,DERIVED,1,False,False,unoccupied active-controller physical channel,LOCAL_SPARE_CHANNEL
AENTR1:O.Data[8].1,PHYSICAL_CHANNEL,LOCAL,MSCRENOPICK,MSCRENOPICK,1003,1,O,AENTR1:O.Data[8].1,AENTR1,8,SPARE_UNUSED,DERIVED,1,False,False,unoccupied active-controller physical channel,LOCAL_SPARE_CHANNEL
AENTR1:O.Data[8].2,PHYSICAL_CHANNEL,LOCAL,MSCRENOPICK,MSCRENOPICK,1003,2,O,AENTR1:O.Data[8].2,AENTR1,8,SPARE_UNUSED,DERIVED,1,False,False,unoccupied active-controller physical channel,LOCAL_SPARE_CHANNEL
AENTR1:O.Data[8].3,PHYSICAL_CHANNEL,LOCAL,MSCRENOPICK,MSCRENOPICK,1003,3,O,AENTR1:O.Data[8].3,AENTR1,8,SPARE_UNUSED,DERIVED,1,False,False,unoccupied active-controller physical channel,LOCAL_SPARE_CHANNEL
AENTR3:I.Data[1].0,PHYSICAL_CHANNEL,LOCAL,MSCRENOPICK,MSCRENOPICK,1005,0,I,AENTR3:I.Data[1].0,AENTR3,1,SPARE_UNUSED,DERIVED,1,False,False,unoccupied active-controller physical channel,LOCAL_SPARE_CHANNEL
AENTR3:I.Data[1].1,PHYSICAL_CHANNEL,LOCAL,MSCRENOPICK,MSCRENOPICK,1005,1,I,AENTR3:I.Data[1].1,AENTR3,1,SPARE_UNUSED,DERIVED,1,False,False,unoccupied active-controller physical channel,LOCAL_SPARE_CHANNEL
AENTR3:I.Data[1].2,PHYSICAL_CHANNEL,LOCAL,MSCRENOPICK,MSCRENOPICK,1005,2,I,AENTR3:I.Data[1].2,AENTR3,1,SPARE_UNUSED,DERIVED,1,False,False,unoccupied active-controller physical channel,LOCAL_SPARE_CHANNEL
AENTR3:I.Data[1].3,PHYSICAL_CHANNEL,LOCAL,MSCRENOPICK,MSCRENOPICK,1005,3,I,AENTR3:I.Data[1].3,AENTR3,1,SPARE_UNUSED,DERIVED,1,False,False,unoccupied active-controller physical channel,LOCAL_SPARE_CHANNEL
AENTR3:I.Data[1].4,PHYSICAL_CHANNEL,LOCAL,MSCRENOPICK,MSCRENOPICK,1005,4,I,AENTR3:I.Data[1].4,AENTR3,1,SPARE_UNUSED,DERIVED,1,False,False,unoccupied active-controller physical channel,LOCAL_SPARE_CHANNEL
AENTR3:I.Data[1].5,PHYSICAL_CHANNEL,LOCAL,MSCRENOPICK,MSCRENOPICK,1005,5,I,AENTR3:I.Data[1].5,AENTR3,1,SPARE_UNUSED,DERIVED,1,False,False,unoccupied active-controller physical channel,LOCAL_SPARE_CHANNEL
AENTR3:I.Data[1].6,PHYSICAL_CHANNEL,LOCAL,MSCRENOPICK,MSCRENOPICK,1005,6,I,AENTR3:I.Data[1].6,AENTR3,1,SPARE_UNUSED,DERIVED,1,False,False,unoccupied active-controller physical channel,LOCAL_SPARE_CHANNEL
AENTR3:I.Data[1].7,PHYSICAL_CHANNEL,LOCAL,MSCRENOPICK,MSCRENOPICK,1005,7,I,AENTR3:I.Data[1].7,AENTR3,1,SPARE_UNUSED,DERIVED,1,False,False,unoccupied active-controller physical channel,LOCAL_SPARE_CHANNEL
AENTR3:I.Data[2].0,PHYSICAL_CHANNEL,LOCAL,MSCRENOPICK,MSCRENOPICK,1005,0,I,AENTR3:I.Data[2].0,AENTR3,2,SPARE_UNUSED,DERIVED,1,False,False,unoccupied active-controller physical channel,LOCAL_SPARE_CHANNEL
AENTR3:I.Data[2].1,PHYSICAL_CHANNEL,LOCAL,MSCRENOPICK,MSCRENOPICK,1005,1,I,AENTR3:I.Data[2].1,AENTR3,2,SPARE_UNUSED,DERIVED,1,False,False,unoccupied active-controller physical channel,LOCAL_SPARE_CHANNEL
AENTR3:I.Data[2].2,PHYSICAL_CHANNEL,LOCAL,MSCRENOPICK,MSCRENOPICK,1005,2,I,AENTR3:I.Data[2].2,AENTR3,2,SPARE_UNUSED,DERIVED,1,False,False,unoccupied active-controller physical channel,LOCAL_SPARE_CHANNEL
AENTR3:I.Data[2].3,PHYSICAL_CHANNEL,LOCAL,MSCRENOPICK,MSCRENOPICK,1005,3,I,AENTR3:I.Data[2].3,AENTR3,2,SPARE_UNUSED,DERIVED,1,False,False,unoccupied active-controller physical channel,LOCAL_SPARE_CHANNEL
AENTR3:I.Data[2].4,PHYSICAL_CHANNEL,LOCAL,MSCRENOPICK,MSCRENOPICK,1005,4,I,AENTR3:I.Data[2].4,AENTR3,2,SPARE_UNUSED,DERIVED,1,False,False,unoccupied active-controller physical channel,LOCAL_SPARE_CHANNEL
AENTR3:I.Data[2].5,PHYSICAL_CHANNEL,LOCAL,MSCRENOPICK,MSCRENOPICK,1005,5,I,AENTR3:I.Data[2].5,AENTR3,2,SPARE_UNUSED,DERIVED,1,False,False,unoccupied active-controller physical channel,LOCAL_SPARE_CHANNEL
AENTR3:I.Data[2].6,PHYSICAL_CHANNEL,LOCAL,MSCRENOPICK,MSCRENOPICK,1005,6,I,AENTR3:I.Data[2].6,AENTR3,2,SPARE_UNUSED,DERIVED,1,False,False,unoccupied active-controller physical channel,LOCAL_SPARE_CHANNEL
AENTR3:I.Data[2].7,PHYSICAL_CHANNEL,LOCAL,MSCRENOPICK,MSCRENOPICK,1005,7,I,AENTR3:I.Data[2].7,AENTR3,2,SPARE_UNUSED,DERIVED,1,False,False,unoccupied active-controller physical channel,LOCAL_SPARE_CHANNEL
AENTR3:I.Data[3].0,PHYSICAL_CHANNEL,LOCAL,MSCRENOPICK,MSCRENOPICK,1006,0,I,AENTR3:I.Data[3].0,AENTR3,3,SPARE_UNUSED,DERIVED,1,False,False,unoccupied active-controller physical channel,LOCAL_SPARE_CHANNEL
AENTR3:I.Data[3].1,PHYSICAL_CHANNEL,LOCAL,MSCRENOPICK,MSCRENOPICK,1006,1,I,AENTR3:I.Data[3].1,AENTR3,3,SPARE_UNUSED,DERIVED,1,False,False,unoccupied active-controller physical channel,LOCAL_SPARE_CHANNEL
AENTR3:I.Data[3].2,PHYSICAL_CHANNEL,LOCAL,MSCRENOPICK,MSCRENOPICK,1006,2,I,AENTR3:I.Data[3].2,AENTR3,3,SPARE_UNUSED,DERIVED,1,False,False,unoccupied active-controller physical channel,LOCAL_SPARE_CHANNEL
AENTR3:I.Data[3].3,PHYSICAL_CHANNEL,LOCAL,MSCRENOPICK,MSCRENOPICK,1006,3,I,AENTR3:I.Data[3].3,AENTR3,3,SPARE_UNUSED,DERIVED,1,False,False,unoccupied active-controller physical channel,LOCAL_SPARE_CHANNEL
AENTR3:I.Data[3].4,PHYSICAL_CHANNEL,LOCAL,MSCRENOPICK,MSCRENOPICK,1006,4,I,AENTR3:I.Data[3].4,AENTR3,3,SPARE_UNUSED,DERIVED,1,False,False,unoccupied active-controller physical channel,LOCAL_SPARE_CHANNEL
AENTR3:I.Data[3].5,PHYSICAL_CHANNEL,LOCAL,MSCRENOPICK,MSCRENOPICK,1006,5,I,AENTR3:I.Data[3].5,AENTR3,3,SPARE_UNUSED,DERIVED,1,False,False,unoccupied active-controller physical channel,LOCAL_SPARE_CHANNEL
AENTR3:I.Data[3].6,PHYSICAL_CHANNEL,LOCAL,MSCRENOPICK,MSCRENOPICK,1006,6,I,AENTR3:I.Data[3].6,AENTR3,3,SPARE_UNUSED,DERIVED,1,False,False,unoccupied active-controller physical channel,LOCAL_SPARE_CHANNEL
AENTR3:I.Data[3].7,PHYSICAL_CHANNEL,LOCAL,MSCRENOPICK,MSCRENOPICK,1006,7,I,AENTR3:I.Data[3].7,AENTR3,3,SPARE_UNUSED,DERIVED,1,False,False,unoccupied active-controller physical channel,LOCAL_SPARE_CHANNEL
AENTR3:I.Data[4].0,PHYSICAL_CHANNEL,LOCAL,MSCRENOPICK,MSCRENOPICK,1006,0,I,AENTR3:I.Data[4].0,AENTR3,4,SPARE_UNUSED,DERIVED,1,False,False,unoccupied active-controller physical channel,LOCAL_SPARE_CHANNEL
AENTR3:I.Data[4].1,PHYSICAL_CHANNEL,LOCAL,MSCRENOPICK,MSCRENOPICK,1006,1,I,AENTR3:I.Data[4].1,AENTR3,4,SPARE_UNUSED,DERIVED,1,False,False,unoccupied active-controller physical channel,LOCAL_SPARE_CHANNEL
AENTR3:I.Data[4].2,PHYSICAL_CHANNEL,LOCAL,MSCRENOPICK,MSCRENOPICK,1006,2,I,AENTR3:I.Data[4].2,AENTR3,4,SPARE_UNUSED,DERIVED,1,False,False,unoccupied active-controller physical channel,LOCAL_SPARE_CHANNEL
AENTR3:I.Data[4].3,PHYSICAL_CHANNEL,LOCAL,MSCRENOPICK,MSCRENOPICK,1006,3,I,AENTR3:I.Data[4].3,AENTR3,4,SPARE_UNUSED,DERIVED,1,False,False,unoccupied active-controller physical channel,LOCAL_SPARE_CHANNEL
AENTR3:I.Data[4].4,PHYSICAL_CHANNEL,LOCAL,MSCRENOPICK,MSCRENOPICK,1006,4,I,AENTR3:I.Data[4].4,AENTR3,4,SPARE_UNUSED,DERIVED,1,False,False,unoccupied active-controller physical channel,LOCAL_SPARE_CHANNEL
AENTR3:I.Data[4].5,PHYSICAL_CHANNEL,LOCAL,MSCRENOPICK,MSCRENOPICK,1006,5,I,AENTR3:I.Data[4].5,AENTR3,4,SPARE_UNUSED,DERIVED,1,False,False,unoccupied active-controller physical channel,LOCAL_SPARE_CHANNEL
AENTR3:I.Data[4].6,PHYSICAL_CHANNEL,LOCAL,MSCRENOPICK,MSCRENOPICK,1006,6,I,AENTR3:I.Data[4].6,AENTR3,4,SPARE_UNUSED,DERIVED,1,False,False,unoccupied active-controller physical channel,LOCAL_SPARE_CHANNEL
AENTR3:I.Data[4].7,PHYSICAL_CHANNEL,LOCAL,MSCRENOPICK,MSCRENOPICK,1006,7,I,AENTR3:I.Data[4].7,AENTR3,4,SPARE_UNUSED,DERIVED,1,False,False,unoccupied active-controller physical channel,LOCAL_SPARE_CHANNEL
AENTR3:I.Data[5].0,PHYSICAL_CHANNEL,LOCAL,MSCRENOPICK,MSCRENOPICK,1007,0,I,AENTR3:I.Data[5].0,AENTR3,5,SPARE_UNUSED,DERIVED,1,False,False,unoccupied active-controller physical channel,LOCAL_SPARE_CHANNEL
AENTR3:I.Data[5].1,PHYSICAL_CHANNEL,LOCAL,MSCRENOPICK,MSCRENOPICK,1007,1,I,AENTR3:I.Data[5].1,AENTR3,5,SPARE_UNUSED,DERIVED,1,False,False,unoccupied active-controller physical channel,LOCAL_SPARE_CHANNEL
AENTR3:I.Data[5].2,PHYSICAL_CHANNEL,LOCAL,MSCRENOPICK,MSCRENOPICK,1007,2,I,AENTR3:I.Data[5].2,AENTR3,5,SPARE_UNUSED,DERIVED,1,False,False,unoccupied active-controller physical channel,LOCAL_SPARE_CHANNEL
AENTR3:I.Data[5].3,PHYSICAL_CHANNEL,LOCAL,MSCRENOPICK,MSCRENOPICK,1007,3,I,AENTR3:I.Data[5].3,AENTR3,5,SPARE_UNUSED,DERIVED,1,False,False,unoccupied active-controller physical channel,LOCAL_SPARE_CHANNEL
AENTR3:I.Data[6].0,PHYSICAL_CHANNEL,LOCAL,MSCRENOPICK,MSCRENOPICK,1007,0,I,AENTR3:I.Data[6].0,AENTR3,6,SPARE_UNUSED,DERIVED,1,False,False,unoccupied active-controller physical channel,LOCAL_SPARE_CHANNEL
AENTR3:I.Data[6].1,PHYSICAL_CHANNEL,LOCAL,MSCRENOPICK,MSCRENOPICK,1007,1,I,AENTR3:I.Data[6].1,AENTR3,6,SPARE_UNUSED,DERIVED,1,False,False,unoccupied active-controller physical channel,LOCAL_SPARE_CHANNEL
AENTR3:I.Data[6].2,PHYSICAL_CHANNEL,LOCAL,MSCRENOPICK,MSCRENOPICK,1007,2,I,AENTR3:I.Data[6].2,AENTR3,6,SPARE_UNUSED,DERIVED,1,False,False,unoccupied active-controller physical channel,LOCAL_SPARE_CHANNEL
AENTR3:I.Data[6].3,PHYSICAL_CHANNEL,LOCAL,MSCRENOPICK,MSCRENOPICK,1007,3,I,AENTR3:I.Data[6].3,AENTR3,6,SPARE_UNUSED,DERIVED,1,False,False,unoccupied active-controller physical channel,LOCAL_SPARE_CHANNEL
AENTR3:O.Data[7].0,PHYSICAL_CHANNEL,LOCAL,MSCRENOPICK,MSCRENOPICK,1010,0,O,AENTR3:O.Data[7].0,AENTR3,7,SPARE_UNUSED,DERIVED,1,False,False,unoccupied active-controller physical channel,LOCAL_SPARE_CHANNEL
AENTR3:O.Data[7].1,PHYSICAL_CHANNEL,LOCAL,MSCRENOPICK,MSCRENOPICK,1010,1,O,AENTR3:O.Data[7].1,AENTR3,7,SPARE_UNUSED,DERIVED,1,False,False,unoccupied active-controller physical channel,LOCAL_SPARE_CHANNEL
AENTR3:O.Data[7].2,PHYSICAL_CHANNEL,LOCAL,MSCRENOPICK,MSCRENOPICK,1010,2,O,AENTR3:O.Data[7].2,AENTR3,7,SPARE_UNUSED,DERIVED,1,False,False,unoccupied active-controller physical channel,LOCAL_SPARE_CHANNEL
AENTR3:O.Data[7].3,PHYSICAL_CHANNEL,LOCAL,MSCRENOPICK,MSCRENOPICK,1010,3,O,AENTR3:O.Data[7].3,AENTR3,7,SPARE_UNUSED,DERIVED,1,False,False,unoccupied active-controller physical channel,LOCAL_SPARE_CHANNEL
AENTR3:O.Data[8].0,PHYSICAL_CHANNEL,LOCAL,MSCRENOPICK,MSCRENOPICK,1010,0,O,AENTR3:O.Data[8].0,AENTR3,8,SPARE_UNUSED,DERIVED,1,False,False,unoccupied active-controller physical channel,LOCAL_SPARE_CHANNEL
AENTR3:O.Data[8].1,PHYSICAL_CHANNEL,LOCAL,MSCRENOPICK,MSCRENOPICK,1010,1,O,AENTR3:O.Data[8].1,AENTR3,8,SPARE_UNUSED,DERIVED,1,False,False,unoccupied active-controller physical channel,LOCAL_SPARE_CHANNEL
AENTR3:O.Data[8].2,PHYSICAL_CHANNEL,LOCAL,MSCRENOPICK,MSCRENOPICK,1010,2,O,AENTR3:O.Data[8].2,AENTR3,8,SPARE_UNUSED,DERIVED,1,False,False,unoccupied active-controller physical channel,LOCAL_SPARE_CHANNEL
AENTR3:O.Data[8].3,PHYSICAL_CHANNEL,LOCAL,MSCRENOPICK,MSCRENOPICK,1010,3,O,AENTR3:O.Data[8].3,AENTR3,8,SPARE_UNUSED,DERIVED,1,False,False,unoccupied active-controller physical channel,LOCAL_SPARE_CHANNEL
AENTR3:O.Data[9].0,PHYSICAL_CHANNEL,LOCAL,MSCRENOPICK,MSCRENOPICK,1011,0,O,AENTR3:O.Data[9].0,AENTR3,9,SPARE_UNUSED,DERIVED,1,False,False,unoccupied active-controller physical channel,LOCAL_SPARE_CHANNEL
AENTR3:O.Data[9].1,PHYSICAL_CHANNEL,LOCAL,MSCRENOPICK,MSCRENOPICK,1011,1,O,AENTR3:O.Data[9].1,AENTR3,9,SPARE_UNUSED,DERIVED,1,False,False,unoccupied active-controller physical channel,LOCAL_SPARE_CHANNEL
AENTR3:O.Data[9].2,PHYSICAL_CHANNEL,LOCAL,MSCRENOPICK,MSCRENOPICK,1011,2,O,AENTR3:O.Data[9].2,AENTR3,9,SPARE_UNUSED,DERIVED,1,False,False,unoccupied active-controller physical channel,LOCAL_SPARE_CHANNEL
AENTR3:O.Data[9].3,PHYSICAL_CHANNEL,LOCAL,MSCRENOPICK,MSCRENOPICK,1011,3,O,AENTR3:O.Data[9].3,AENTR3,9,SPARE_UNUSED,DERIVED,1,False,False,unoccupied active-controller physical channel,LOCAL_SPARE_CHANNEL
AENTR3:O.Data[10].0,PHYSICAL_CHANNEL,LOCAL,MSCRENOPICK,MSCRENOPICK,1011,0,O,AENTR3:O.Data[10].0,AENTR3,10,SPARE_UNUSED,DERIVED,1,False,False,unoccupied active-controller physical channel,LOCAL_SPARE_CHANNEL
AENTR3:O.Data[10].1,PHYSICAL_CHANNEL,LOCAL,MSCRENOPICK,MSCRENOPICK,1011,1,O,AENTR3:O.Data[10].1,AENTR3,10,SPARE_UNUSED,DERIVED,1,False,False,unoccupied active-controller physical channel,LOCAL_SPARE_CHANNEL
AENTR3:O.Data[10].2,PHYSICAL_CHANNEL,LOCAL,MSCRENOPICK,MSCRENOPICK,1011,2,O,AENTR3:O.Data[10].2,AENTR3,10,SPARE_UNUSED,DERIVED,1,False,False,unoccupied active-controller physical channel,LOCAL_SPARE_CHANNEL
AENTR3:O.Data[10].3,PHYSICAL_CHANNEL,LOCAL,MSCRENOPICK,MSCRENOPICK,1011,3,O,AENTR3:O.Data[10].3,AENTR3,10,SPARE_UNUSED,DERIVED,1,False,False,unoccupied active-controller physical channel,LOCAL_SPARE_CHANNEL
AENTR3:O.Data[11].0,PHYSICAL_CHANNEL,LOCAL,MSCRENOPICK,MSCRENOPICK,1012,0,O,AENTR3:O.Data[11].0,AENTR3,11,SPARE_UNUSED,DERIVED,1,False,False,unoccupied active-controller physical channel,LOCAL_SPARE_CHANNEL
AENTR3:O.Data[11].1,PHYSICAL_CHANNEL,LOCAL,MSCRENOPICK,MSCRENOPICK,1012,1,O,AENTR3:O.Data[11].1,AENTR3,11,SPARE_UNUSED,DERIVED,1,False,False,unoccupied active-controller physical channel,LOCAL_SPARE_CHANNEL
AENTR3:O.Data[11].2,PHYSICAL_CHANNEL,LOCAL,MSCRENOPICK,MSCRENOPICK,1012,2,O,AENTR3:O.Data[11].2,AENTR3,11,SPARE_UNUSED,DERIVED,1,False,False,unoccupied active-controller physical channel,LOCAL_SPARE_CHANNEL
AENTR3:O.Data[11].3,PHYSICAL_CHANNEL,LOCAL,MSCRENOPICK,MSCRENOPICK,1012,3,O,AENTR3:O.Data[11].3,AENTR3,11,SPARE_UNUSED,DERIVED,1,False,False,unoccupied active-controller physical channel,LOCAL_SPARE_CHANNEL
AENTR2:I.Data[1].0,PHYSICAL_CHANNEL,LOCAL,MSCRENOPICK,MSCRENOPICK,1142,0,I,AENTR2:I.Data[1].0,AENTR2,1,SPARE_UNUSED,DERIVED,1,False,False,unoccupied active-controller physical channel,LOCAL_SPARE_CHANNEL
AENTR2:I.Data[1].1,PHYSICAL_CHANNEL,LOCAL,MSCRENOPICK,MSCRENOPICK,1142,1,I,AENTR2:I.Data[1].1,AENTR2,1,SPARE_UNUSED,DERIVED,1,False,False,unoccupied active-controller physical channel,LOCAL_SPARE_CHANNEL
AENTR2:I.Data[1].2,PHYSICAL_CHANNEL,LOCAL,MSCRENOPICK,MSCRENOPICK,1142,2,I,AENTR2:I.Data[1].2,AENTR2,1,SPARE_UNUSED,DERIVED,1,False,False,unoccupied active-controller physical channel,LOCAL_SPARE_CHANNEL
AENTR2:I.Data[1].3,PHYSICAL_CHANNEL,LOCAL,MSCRENOPICK,MSCRENOPICK,1142,3,I,AENTR2:I.Data[1].3,AENTR2,1,SPARE_UNUSED,DERIVED,1,False,False,unoccupied active-controller physical channel,LOCAL_SPARE_CHANNEL
AENTR2:I.Data[2].0,PHYSICAL_CHANNEL,LOCAL,MSCRENOPICK,MSCRENOPICK,1142,0,I,AENTR2:I.Data[2].0,AENTR2,2,SPARE_UNUSED,DERIVED,1,False,False,unoccupied active-controller physical channel,LOCAL_SPARE_CHANNEL
AENTR2:I.Data[2].1,PHYSICAL_CHANNEL,LOCAL,MSCRENOPICK,MSCRENOPICK,1142,1,I,AENTR2:I.Data[2].1,AENTR2,2,SPARE_UNUSED,DERIVED,1,False,False,unoccupied active-controller physical channel,LOCAL_SPARE_CHANNEL
AENTR2:I.Data[2].2,PHYSICAL_CHANNEL,LOCAL,MSCRENOPICK,MSCRENOPICK,1142,2,I,AENTR2:I.Data[2].2,AENTR2,2,SPARE_UNUSED,DERIVED,1,False,False,unoccupied active-controller physical channel,LOCAL_SPARE_CHANNEL
AENTR2:I.Data[2].3,PHYSICAL_CHANNEL,LOCAL,MSCRENOPICK,MSCRENOPICK,1142,3,I,AENTR2:I.Data[2].3,AENTR2,2,SPARE_UNUSED,DERIVED,1,False,False,unoccupied active-controller physical channel,LOCAL_SPARE_CHANNEL
AENTR2:I.Data[3].1,PHYSICAL_CHANNEL,LOCAL,MSCRENOPICK,MSCRENOPICK,1143,1,I,AENTR2:I.Data[3].1,AENTR2,3,SPARE_UNUSED,DERIVED,1,False,False,unoccupied active-controller physical channel,LOCAL_SPARE_CHANNEL
AENTR2:I.Data[3].2,PHYSICAL_CHANNEL,LOCAL,MSCRENOPICK,MSCRENOPICK,1143,2,I,AENTR2:I.Data[3].2,AENTR2,3,SPARE_UNUSED,DERIVED,1,False,False,unoccupied active-controller physical channel,LOCAL_SPARE_CHANNEL
AENTR2:I.Data[3].3,PHYSICAL_CHANNEL,LOCAL,MSCRENOPICK,MSCRENOPICK,1143,3,I,AENTR2:I.Data[3].3,AENTR2,3,SPARE_UNUSED,DERIVED,1,False,False,unoccupied active-controller physical channel,LOCAL_SPARE_CHANNEL
AENTR2:I.Data[4].1,PHYSICAL_CHANNEL,LOCAL,MSCRENOPICK,MSCRENOPICK,1143,1,I,AENTR2:I.Data[4].1,AENTR2,4,SPARE_UNUSED,DERIVED,1,False,False,unoccupied active-controller physical channel,LOCAL_SPARE_CHANNEL
AENTR2:I.Data[4].2,PHYSICAL_CHANNEL,LOCAL,MSCRENOPICK,MSCRENOPICK,1143,2,I,AENTR2:I.Data[4].2,AENTR2,4,SPARE_UNUSED,DERIVED,1,False,False,unoccupied active-controller physical channel,LOCAL_SPARE_CHANNEL
AENTR2:I.Data[4].3,PHYSICAL_CHANNEL,LOCAL,MSCRENOPICK,MSCRENOPICK,1143,3,I,AENTR2:I.Data[4].3,AENTR2,4,SPARE_UNUSED,DERIVED,1,False,False,unoccupied active-controller physical channel,LOCAL_SPARE_CHANNEL
AENTR2:O.Data[5].0,PHYSICAL_CHANNEL,LOCAL,MSCRENOPICK,MSCRENOPICK,1144,0,O,AENTR2:O.Data[5].0,AENTR2,5,SPARE_UNUSED,DERIVED,1,False,False,unoccupied active-controller physical channel,LOCAL_SPARE_CHANNEL
AENTR2:O.Data[5].1,PHYSICAL_CHANNEL,LOCAL,MSCRENOPICK,MSCRENOPICK,1144,1,O,AENTR2:O.Data[5].1,AENTR2,5,SPARE_UNUSED,DERIVED,1,False,False,unoccupied active-controller physical channel,LOCAL_SPARE_CHANNEL
AENTR2:O.Data[5].2,PHYSICAL_CHANNEL,LOCAL,MSCRENOPICK,MSCRENOPICK,1144,2,O,AENTR2:O.Data[5].2,AENTR2,5,SPARE_UNUSED,DERIVED,1,False,False,unoccupied active-controller physical channel,LOCAL_SPARE_CHANNEL
AENTR2:O.Data[5].3,PHYSICAL_CHANNEL,LOCAL,MSCRENOPICK,MSCRENOPICK,1144,3,O,AENTR2:O.Data[5].3,AENTR2,5,SPARE_UNUSED,DERIVED,1,False,False,unoccupied active-controller physical channel,LOCAL_SPARE_CHANNEL
AENTR2:O.Data[6].0,PHYSICAL_CHANNEL,LOCAL,MSCRENOPICK,MSCRENOPICK,1144,0,O,AENTR2:O.Data[6].0,AENTR2,6,SPARE_UNUSED,DERIVED,1,False,False,unoccupied active-controller physical channel,LOCAL_SPARE_CHANNEL
AENTR2:O.Data[6].1,PHYSICAL_CHANNEL,LOCAL,MSCRENOPICK,MSCRENOPICK,1144,1,O,AENTR2:O.Data[6].1,AENTR2,6,SPARE_UNUSED,DERIVED,1,False,False,unoccupied active-controller physical channel,LOCAL_SPARE_CHANNEL
AENTR2:O.Data[6].2,PHYSICAL_CHANNEL,LOCAL,MSCRENOPICK,MSCRENOPICK,1144,2,O,AENTR2:O.Data[6].2,AENTR2,6,SPARE_UNUSED,DERIVED,1,False,False,unoccupied active-controller physical channel,LOCAL_SPARE_CHANNEL
AENTR2:O.Data[6].3,PHYSICAL_CHANNEL,LOCAL,MSCRENOPICK,MSCRENOPICK,1144,3,O,AENTR2:O.Data[6].3,AENTR2,6,SPARE_UNUSED,DERIVED,1,False,False,unoccupied active-controller physical channel,LOCAL_SPARE_CHANNEL
