source_signal,source_file,source_type,machine,module,slot,word,bit,direction,endpoint,canonical_device,alias_parent,final_status,generated_tag,io_map_writer,highlight,reason
AENTR1:I.Data[1].0,eipcfg+configio,physical_word_map,MSCRENOPICK,AENTR1,1,1000,0,I,AENTR1:I.Data[1].0,AENTR1:I.Data[1].0,,REVIEW_REQUIRED,,N,PHYSICAL_CHANNEL,in canonical discovery but not mapped
AENTR1:I.Data[1].1,eipcfg+configio,physical_word_map,MSCRENOPICK,AENTR1,1,1000,1,I,AENTR1:I.Data[1].1,AENTR1:I.Data[1].1,,REVIEW_REQUIRED,,N,PHYSICAL_CHANNEL,in canonical discovery but not mapped
AENTR1:I.Data[1].2,eipcfg+configio,physical_word_map,MSCRENOPICK,AENTR1,1,1000,2,I,AENTR1:I.Data[1].2,AENTR1:I.Data[1].2,,REVIEW_REQUIRED,,N,PHYSICAL_CHANNEL,in canonical discovery but not mapped
AENTR1:I.Data[1].3,eipcfg+configio,physical_word_map,MSCRENOPICK,AENTR1,1,1000,3,I,AENTR1:I.Data[1].3,AENTR1:I.Data[1].3,,REVIEW_REQUIRED,,N,PHYSICAL_CHANNEL,in canonical discovery but not mapped
AENTR1:I.Data[1].4,eipcfg+configio,physical_word_map,MSCRENOPICK,AENTR1,1,1000,4,I,AENTR1:I.Data[1].4,AENTR1:I.Data[1].4,,REVIEW_REQUIRED,,N,PHYSICAL_CHANNEL,in canonical discovery but not mapped
AENTR1:I.Data[1].5,eipcfg+configio,physical_word_map,MSCRENOPICK,AENTR1,1,1000,5,I,AENTR1:I.Data[1].5,AENTR1:I.Data[1].5,,REVIEW_REQUIRED,,N,PHYSICAL_CHANNEL,in canonical discovery but not mapped
AENTR1:I.Data[1].6,eipcfg+configio,physical_word_map,MSCRENOPICK,AENTR1,1,1000,6,I,AENTR1:I.Data[1].6,AENTR1:I.Data[1].6,,REVIEW_REQUIRED,,N,PHYSICAL_CHANNEL,in canonical discovery but not mapped
AENTR1:I.Data[1].7,eipcfg+configio,physical_word_map,MSCRENOPICK,AENTR1,1,1000,7,I,AENTR1:I.Data[1].7,AENTR1:I.Data[1].7,,REVIEW_REQUIRED,,N,PHYSICAL_CHANNEL,in canonical discovery but not mapped
AENTR1:I.Data[2].0,eipcfg+configio,physical_word_map,MSCRENOPICK,AENTR1,2,1000,0,I,AENTR1:I.Data[2].0,AENTR1:I.Data[2].0,,REVIEW_REQUIRED,,N,PHYSICAL_CHANNEL,in canonical discovery but not mapped
AENTR1:I.Data[2].1,eipcfg+configio,physical_word_map,MSCRENOPICK,AENTR1,2,1000,1,I,AENTR1:I.Data[2].1,AENTR1:I.Data[2].1,,REVIEW_REQUIRED,,N,PHYSICAL_CHANNEL,in canonical discovery but not mapped
AENTR1:I.Data[2].2,eipcfg+configio,physical_word_map,MSCRENOPICK,AENTR1,2,1000,2,I,AENTR1:I.Data[2].2,AENTR1:I.Data[2].2,,REVIEW_REQUIRED,,N,PHYSICAL_CHANNEL,in canonical discovery but not mapped
AENTR1:I.Data[2].3,eipcfg+configio,physical_word_map,MSCRENOPICK,AENTR1,2,1000,3,I,AENTR1:I.Data[2].3,AENTR1:I.Data[2].3,,REVIEW_REQUIRED,,N,PHYSICAL_CHANNEL,in canonical discovery but not mapped
AENTR1:I.Data[2].4,eipcfg+configio,physical_word_map,MSCRENOPICK,AENTR1,2,1000,4,I,AENTR1:I.Data[2].4,AENTR1:I.Data[2].4,,REVIEW_REQUIRED,,N,PHYSICAL_CHANNEL,in canonical discovery but not mapped
AENTR1:I.Data[2].5,eipcfg+configio,physical_word_map,MSCRENOPICK,AENTR1,2,1000,5,I,AENTR1:I.Data[2].5,AENTR1:I.Data[2].5,,REVIEW_REQUIRED,,N,PHYSICAL_CHANNEL,in canonical discovery but not mapped
AENTR1:I.Data[2].6,eipcfg+configio,physical_word_map,MSCRENOPICK,AENTR1,2,1000,6,I,AENTR1:I.Data[2].6,AENTR1:I.Data[2].6,,REVIEW_REQUIRED,,N,PHYSICAL_CHANNEL,in canonical discovery but not mapped
AENTR1:I.Data[2].7,eipcfg+configio,physical_word_map,MSCRENOPICK,AENTR1,2,1000,7,I,AENTR1:I.Data[2].7,AENTR1:I.Data[2].7,,REVIEW_REQUIRED,,N,PHYSICAL_CHANNEL,in canonical discovery but not mapped
AENTR1:I.Data[3].0,eipcfg+configio,physical_word_map,MSCRENOPICK,AENTR1,3,1001,0,I,AENTR1:I.Data[3].0,AENTR1:I.Data[3].0,,REVIEW_REQUIRED,,N,PHYSICAL_CHANNEL,in canonical discovery but not mapped
AENTR1:I.Data[3].1,eipcfg+configio,physical_word_map,MSCRENOPICK,AENTR1,3,1001,1,I,AENTR1:I.Data[3].1,AENTR1:I.Data[3].1,,REVIEW_REQUIRED,,N,PHYSICAL_CHANNEL,in canonical discovery but not mapped
AENTR1:I.Data[3].2,eipcfg+configio,physical_word_map,MSCRENOPICK,AENTR1,3,1001,2,I,AENTR1:I.Data[3].2,AENTR1:I.Data[3].2,,REVIEW_REQUIRED,,N,PHYSICAL_CHANNEL,in canonical discovery but not mapped
AENTR1:I.Data[3].3,eipcfg+configio,physical_word_map,MSCRENOPICK,AENTR1,3,1001,3,I,AENTR1:I.Data[3].3,AENTR1:I.Data[3].3,,REVIEW_REQUIRED,,N,PHYSICAL_CHANNEL,in canonical discovery but not mapped
AENTR1:I.Data[3].4,eipcfg+configio,physical_word_map,MSCRENOPICK,AENTR1,3,1001,4,I,AENTR1:I.Data[3].4,AENTR1:I.Data[3].4,,REVIEW_REQUIRED,,N,PHYSICAL_CHANNEL,in canonical discovery but not mapped
AENTR1:I.Data[3].5,eipcfg+configio,physical_word_map,MSCRENOPICK,AENTR1,3,1001,5,I,AENTR1:I.Data[3].5,AENTR1:I.Data[3].5,,REVIEW_REQUIRED,,N,PHYSICAL_CHANNEL,in canonical discovery but not mapped
AENTR1:I.Data[3].6,eipcfg+configio,physical_word_map,MSCRENOPICK,AENTR1,3,1001,6,I,AENTR1:I.Data[3].6,AENTR1:I.Data[3].6,,REVIEW_REQUIRED,,N,PHYSICAL_CHANNEL,in canonical discovery but not mapped
AENTR1:I.Data[3].7,eipcfg+configio,physical_word_map,MSCRENOPICK,AENTR1,3,1001,7,I,AENTR1:I.Data[3].7,AENTR1:I.Data[3].7,,REVIEW_REQUIRED,,N,PHYSICAL_CHANNEL,in canonical discovery but not mapped
AENTR1:I.Data[4].0,eipcfg+configio,physical_word_map,MSCRENOPICK,AENTR1,4,1001,0,I,AENTR1:I.Data[4].0,AENTR1:I.Data[4].0,,REVIEW_REQUIRED,,N,PHYSICAL_CHANNEL,in canonical discovery but not mapped
AENTR1:I.Data[4].1,eipcfg+configio,physical_word_map,MSCRENOPICK,AENTR1,4,1001,1,I,AENTR1:I.Data[4].1,AENTR1:I.Data[4].1,,REVIEW_REQUIRED,,N,PHYSICAL_CHANNEL,in canonical discovery but not mapped
AENTR1:I.Data[4].2,eipcfg+configio,physical_word_map,MSCRENOPICK,AENTR1,4,1001,2,I,AENTR1:I.Data[4].2,AENTR1:I.Data[4].2,,REVIEW_REQUIRED,,N,PHYSICAL_CHANNEL,in canonical discovery but not mapped
AENTR1:I.Data[4].3,eipcfg+configio,physical_word_map,MSCRENOPICK,AENTR1,4,1001,3,I,AENTR1:I.Data[4].3,AENTR1:I.Data[4].3,,REVIEW_REQUIRED,,N,PHYSICAL_CHANNEL,in canonical discovery but not mapped
AENTR1:I.Data[4].4,eipcfg+configio,physical_word_map,MSCRENOPICK,AENTR1,4,1001,4,I,AENTR1:I.Data[4].4,AENTR1:I.Data[4].4,,REVIEW_REQUIRED,,N,PHYSICAL_CHANNEL,in canonical discovery but not mapped
AENTR1:I.Data[4].5,eipcfg+configio,physical_word_map,MSCRENOPICK,AENTR1,4,1001,5,I,AENTR1:I.Data[4].5,AENTR1:I.Data[4].5,,REVIEW_REQUIRED,,N,PHYSICAL_CHANNEL,in canonical discovery but not mapped
AENTR1:I.Data[4].6,eipcfg+configio,physical_word_map,MSCRENOPICK,AENTR1,4,1001,6,I,AENTR1:I.Data[4].6,AENTR1:I.Data[4].6,,REVIEW_REQUIRED,,N,PHYSICAL_CHANNEL,in canonical discovery but not mapped
AENTR1:I.Data[4].7,eipcfg+configio,physical_word_map,MSCRENOPICK,AENTR1,4,1001,7,I,AENTR1:I.Data[4].7,AENTR1:I.Data[4].7,,REVIEW_REQUIRED,,N,PHYSICAL_CHANNEL,in canonical discovery but not mapped
AENTR1:O.Data[5].0,eipcfg+configio,physical_word_map,MSCRENOPICK,AENTR1,5,1002,0,O,AENTR1:O.Data[5].0,AENTR1:O.Data[5].0,,REVIEW_REQUIRED,,N,PHYSICAL_CHANNEL,in canonical discovery but not mapped
AENTR1:O.Data[5].1,eipcfg+configio,physical_word_map,MSCRENOPICK,AENTR1,5,1002,1,O,AENTR1:O.Data[5].1,AENTR1:O.Data[5].1,,REVIEW_REQUIRED,,N,PHYSICAL_CHANNEL,in canonical discovery but not mapped
AENTR1:O.Data[5].2,eipcfg+configio,physical_word_map,MSCRENOPICK,AENTR1,5,1002,2,O,AENTR1:O.Data[5].2,AENTR1:O.Data[5].2,,REVIEW_REQUIRED,,N,PHYSICAL_CHANNEL,in canonical discovery but not mapped
AENTR1:O.Data[5].3,eipcfg+configio,physical_word_map,MSCRENOPICK,AENTR1,5,1002,3,O,AENTR1:O.Data[5].3,AENTR1:O.Data[5].3,,REVIEW_REQUIRED,,N,PHYSICAL_CHANNEL,in canonical discovery but not mapped
AENTR1:O.Data[6].0,eipcfg+configio,physical_word_map,MSCRENOPICK,AENTR1,6,1002,0,O,AENTR1:O.Data[6].0,AENTR1:O.Data[6].0,,REVIEW_REQUIRED,,N,PHYSICAL_CHANNEL,in canonical discovery but not mapped
AENTR1:O.Data[6].1,eipcfg+configio,physical_word_map,MSCRENOPICK,AENTR1,6,1002,1,O,AENTR1:O.Data[6].1,AENTR1:O.Data[6].1,,REVIEW_REQUIRED,,N,PHYSICAL_CHANNEL,in canonical discovery but not mapped
AENTR1:O.Data[6].2,eipcfg+configio,physical_word_map,MSCRENOPICK,AENTR1,6,1002,2,O,AENTR1:O.Data[6].2,AENTR1:O.Data[6].2,,REVIEW_REQUIRED,,N,PHYSICAL_CHANNEL,in canonical discovery but not mapped
AENTR1:O.Data[6].3,eipcfg+configio,physical_word_map,MSCRENOPICK,AENTR1,6,1002,3,O,AENTR1:O.Data[6].3,AENTR1:O.Data[6].3,,REVIEW_REQUIRED,,N,PHYSICAL_CHANNEL,in canonical discovery but not mapped
AENTR1:O.Data[7].0,eipcfg+configio,physical_word_map,MSCRENOPICK,AENTR1,7,1003,0,O,AENTR1:O.Data[7].0,AENTR1:O.Data[7].0,,REVIEW_REQUIRED,,N,PHYSICAL_CHANNEL,in canonical discovery but not mapped
AENTR1:O.Data[7].1,eipcfg+configio,physical_word_map,MSCRENOPICK,AENTR1,7,1003,1,O,AENTR1:O.Data[7].1,AENTR1:O.Data[7].1,,REVIEW_REQUIRED,,N,PHYSICAL_CHANNEL,in canonical discovery but not mapped
AENTR1:O.Data[7].2,eipcfg+configio,physical_word_map,MSCRENOPICK,AENTR1,7,1003,2,O,AENTR1:O.Data[7].2,AENTR1:O.Data[7].2,,REVIEW_REQUIRED,,N,PHYSICAL_CHANNEL,in canonical discovery but not mapped
AENTR1:O.Data[7].3,eipcfg+configio,physical_word_map,MSCRENOPICK,AENTR1,7,1003,3,O,AENTR1:O.Data[7].3,AENTR1:O.Data[7].3,,REVIEW_REQUIRED,,N,PHYSICAL_CHANNEL,in canonical discovery but not mapped
AENTR1:O.Data[8].0,eipcfg+configio,physical_word_map,MSCRENOPICK,AENTR1,8,1003,0,O,AENTR1:O.Data[8].0,AENTR1:O.Data[8].0,,REVIEW_REQUIRED,,N,PHYSICAL_CHANNEL,in canonical discovery but not mapped
AENTR1:O.Data[8].1,eipcfg+configio,physical_word_map,MSCRENOPICK,AENTR1,8,1003,1,O,AENTR1:O.Data[8].1,AENTR1:O.Data[8].1,,REVIEW_REQUIRED,,N,PHYSICAL_CHANNEL,in canonical discovery but not mapped
AENTR1:O.Data[8].2,eipcfg+configio,physical_word_map,MSCRENOPICK,AENTR1,8,1003,2,O,AENTR1:O.Data[8].2,AENTR1:O.Data[8].2,,REVIEW_REQUIRED,,N,PHYSICAL_CHANNEL,in canonical discovery but not mapped
AENTR1:O.Data[8].3,eipcfg+configio,physical_word_map,MSCRENOPICK,AENTR1,8,1003,3,O,AENTR1:O.Data[8].3,AENTR1:O.Data[8].3,,REVIEW_REQUIRED,,N,PHYSICAL_CHANNEL,in canonical discovery but not mapped
AENTR3:I.Data[1].0,eipcfg+configio,physical_word_map,MSCRENOPICK,AENTR3,1,1005,0,I,AENTR3:I.Data[1].0,AENTR3:I.Data[1].0,,REVIEW_REQUIRED,,N,PHYSICAL_CHANNEL,in canonical discovery but not mapped
AENTR3:I.Data[1].1,eipcfg+configio,physical_word_map,MSCRENOPICK,AENTR3,1,1005,1,I,AENTR3:I.Data[1].1,AENTR3:I.Data[1].1,,REVIEW_REQUIRED,,N,PHYSICAL_CHANNEL,in canonical discovery but not mapped
AENTR3:I.Data[1].2,eipcfg+configio,physical_word_map,MSCRENOPICK,AENTR3,1,1005,2,I,AENTR3:I.Data[1].2,AENTR3:I.Data[1].2,,REVIEW_REQUIRED,,N,PHYSICAL_CHANNEL,in canonical discovery but not mapped
AENTR3:I.Data[1].3,eipcfg+configio,physical_word_map,MSCRENOPICK,AENTR3,1,1005,3,I,AENTR3:I.Data[1].3,AENTR3:I.Data[1].3,,REVIEW_REQUIRED,,N,PHYSICAL_CHANNEL,in canonical discovery but not mapped
AENTR3:I.Data[1].4,eipcfg+configio,physical_word_map,MSCRENOPICK,AENTR3,1,1005,4,I,AENTR3:I.Data[1].4,AENTR3:I.Data[1].4,,REVIEW_REQUIRED,,N,PHYSICAL_CHANNEL,in canonical discovery but not mapped
AENTR3:I.Data[1].5,eipcfg+configio,physical_word_map,MSCRENOPICK,AENTR3,1,1005,5,I,AENTR3:I.Data[1].5,AENTR3:I.Data[1].5,,REVIEW_REQUIRED,,N,PHYSICAL_CHANNEL,in canonical discovery but not mapped
AENTR3:I.Data[1].6,eipcfg+configio,physical_word_map,MSCRENOPICK,AENTR3,1,1005,6,I,AENTR3:I.Data[1].6,AENTR3:I.Data[1].6,,REVIEW_REQUIRED,,N,PHYSICAL_CHANNEL,in canonical discovery but not mapped
AENTR3:I.Data[1].7,eipcfg+configio,physical_word_map,MSCRENOPICK,AENTR3,1,1005,7,I,AENTR3:I.Data[1].7,AENTR3:I.Data[1].7,,REVIEW_REQUIRED,,N,PHYSICAL_CHANNEL,in canonical discovery but not mapped
AENTR3:I.Data[2].0,eipcfg+configio,physical_word_map,MSCRENOPICK,AENTR3,2,1005,0,I,AENTR3:I.Data[2].0,AENTR3:I.Data[2].0,,REVIEW_REQUIRED,,N,PHYSICAL_CHANNEL,in canonical discovery but not mapped
AENTR3:I.Data[2].1,eipcfg+configio,physical_word_map,MSCRENOPICK,AENTR3,2,1005,1,I,AENTR3:I.Data[2].1,AENTR3:I.Data[2].1,,REVIEW_REQUIRED,,N,PHYSICAL_CHANNEL,in canonical discovery but not mapped
AENTR3:I.Data[2].2,eipcfg+configio,physical_word_map,MSCRENOPICK,AENTR3,2,1005,2,I,AENTR3:I.Data[2].2,AENTR3:I.Data[2].2,,REVIEW_REQUIRED,,N,PHYSICAL_CHANNEL,in canonical discovery but not mapped
AENTR3:I.Data[2].3,eipcfg+configio,physical_word_map,MSCRENOPICK,AENTR3,2,1005,3,I,AENTR3:I.Data[2].3,AENTR3:I.Data[2].3,,REVIEW_REQUIRED,,N,PHYSICAL_CHANNEL,in canonical discovery but not mapped
AENTR3:I.Data[2].4,eipcfg+configio,physical_word_map,MSCRENOPICK,AENTR3,2,1005,4,I,AENTR3:I.Data[2].4,AENTR3:I.Data[2].4,,REVIEW_REQUIRED,,N,PHYSICAL_CHANNEL,in canonical discovery but not mapped
AENTR3:I.Data[2].5,eipcfg+configio,physical_word_map,MSCRENOPICK,AENTR3,2,1005,5,I,AENTR3:I.Data[2].5,AENTR3:I.Data[2].5,,REVIEW_REQUIRED,,N,PHYSICAL_CHANNEL,in canonical discovery but not mapped
AENTR3:I.Data[2].6,eipcfg+configio,physical_word_map,MSCRENOPICK,AENTR3,2,1005,6,I,AENTR3:I.Data[2].6,AENTR3:I.Data[2].6,,REVIEW_REQUIRED,,N,PHYSICAL_CHANNEL,in canonical discovery but not mapped
AENTR3:I.Data[2].7,eipcfg+configio,physical_word_map,MSCRENOPICK,AENTR3,2,1005,7,I,AENTR3:I.Data[2].7,AENTR3:I.Data[2].7,,REVIEW_REQUIRED,,N,PHYSICAL_CHANNEL,in canonical discovery but not mapped
AENTR3:I.Data[3].0,eipcfg+configio,physical_word_map,MSCRENOPICK,AENTR3,3,1006,0,I,AENTR3:I.Data[3].0,AENTR3:I.Data[3].0,,REVIEW_REQUIRED,,N,PHYSICAL_CHANNEL,in canonical discovery but not mapped
AENTR3:I.Data[3].1,eipcfg+configio,physical_word_map,MSCRENOPICK,AENTR3,3,1006,1,I,AENTR3:I.Data[3].1,AENTR3:I.Data[3].1,,REVIEW_REQUIRED,,N,PHYSICAL_CHANNEL,in canonical discovery but not mapped
AENTR3:I.Data[3].2,eipcfg+configio,physical_word_map,MSCRENOPICK,AENTR3,3,1006,2,I,AENTR3:I.Data[3].2,AENTR3:I.Data[3].2,,REVIEW_REQUIRED,,N,PHYSICAL_CHANNEL,in canonical discovery but not mapped
AENTR3:I.Data[3].3,eipcfg+configio,physical_word_map,MSCRENOPICK,AENTR3,3,1006,3,I,AENTR3:I.Data[3].3,AENTR3:I.Data[3].3,,REVIEW_REQUIRED,,N,PHYSICAL_CHANNEL,in canonical discovery but not mapped
AENTR3:I.Data[3].4,eipcfg+configio,physical_word_map,MSCRENOPICK,AENTR3,3,1006,4,I,AENTR3:I.Data[3].4,AENTR3:I.Data[3].4,,REVIEW_REQUIRED,,N,PHYSICAL_CHANNEL,in canonical discovery but not mapped
AENTR3:I.Data[3].5,eipcfg+configio,physical_word_map,MSCRENOPICK,AENTR3,3,1006,5,I,AENTR3:I.Data[3].5,AENTR3:I.Data[3].5,,REVIEW_REQUIRED,,N,PHYSICAL_CHANNEL,in canonical discovery but not mapped
AENTR3:I.Data[3].6,eipcfg+configio,physical_word_map,MSCRENOPICK,AENTR3,3,1006,6,I,AENTR3:I.Data[3].6,AENTR3:I.Data[3].6,,REVIEW_REQUIRED,,N,PHYSICAL_CHANNEL,in canonical discovery but not mapped
AENTR3:I.Data[3].7,eipcfg+configio,physical_word_map,MSCRENOPICK,AENTR3,3,1006,7,I,AENTR3:I.Data[3].7,AENTR3:I.Data[3].7,,REVIEW_REQUIRED,,N,PHYSICAL_CHANNEL,in canonical discovery but not mapped
AENTR3:I.Data[4].0,eipcfg+configio,physical_word_map,MSCRENOPICK,AENTR3,4,1006,0,I,AENTR3:I.Data[4].0,AENTR3:I.Data[4].0,,REVIEW_REQUIRED,,N,PHYSICAL_CHANNEL,in canonical discovery but not mapped
AENTR3:I.Data[4].1,eipcfg+configio,physical_word_map,MSCRENOPICK,AENTR3,4,1006,1,I,AENTR3:I.Data[4].1,AENTR3:I.Data[4].1,,REVIEW_REQUIRED,,N,PHYSICAL_CHANNEL,in canonical discovery but not mapped
AENTR3:I.Data[4].2,eipcfg+configio,physical_word_map,MSCRENOPICK,AENTR3,4,1006,2,I,AENTR3:I.Data[4].2,AENTR3:I.Data[4].2,,REVIEW_REQUIRED,,N,PHYSICAL_CHANNEL,in canonical discovery but not mapped
AENTR3:I.Data[4].3,eipcfg+configio,physical_word_map,MSCRENOPICK,AENTR3,4,1006,3,I,AENTR3:I.Data[4].3,AENTR3:I.Data[4].3,,REVIEW_REQUIRED,,N,PHYSICAL_CHANNEL,in canonical discovery but not mapped
AENTR3:I.Data[4].4,eipcfg+configio,physical_word_map,MSCRENOPICK,AENTR3,4,1006,4,I,AENTR3:I.Data[4].4,AENTR3:I.Data[4].4,,REVIEW_REQUIRED,,N,PHYSICAL_CHANNEL,in canonical discovery but not mapped
AENTR3:I.Data[4].5,eipcfg+configio,physical_word_map,MSCRENOPICK,AENTR3,4,1006,5,I,AENTR3:I.Data[4].5,AENTR3:I.Data[4].5,,REVIEW_REQUIRED,,N,PHYSICAL_CHANNEL,in canonical discovery but not mapped
AENTR3:I.Data[4].6,eipcfg+configio,physical_word_map,MSCRENOPICK,AENTR3,4,1006,6,I,AENTR3:I.Data[4].6,AENTR3:I.Data[4].6,,REVIEW_REQUIRED,,N,PHYSICAL_CHANNEL,in canonical discovery but not mapped
AENTR3:I.Data[4].7,eipcfg+configio,physical_word_map,MSCRENOPICK,AENTR3,4,1006,7,I,AENTR3:I.Data[4].7,AENTR3:I.Data[4].7,,REVIEW_REQUIRED,,N,PHYSICAL_CHANNEL,in canonical discovery but not mapped
AENTR3:I.Data[5].0,eipcfg+configio,physical_word_map,MSCRENOPICK,AENTR3,5,1007,0,I,AENTR3:I.Data[5].0,AENTR3:I.Data[5].0,,REVIEW_REQUIRED,,N,PHYSICAL_CHANNEL,in canonical discovery but not mapped
AENTR3:I.Data[5].1,eipcfg+configio,physical_word_map,MSCRENOPICK,AENTR3,5,1007,1,I,AENTR3:I.Data[5].1,AENTR3:I.Data[5].1,,REVIEW_REQUIRED,,N,PHYSICAL_CHANNEL,in canonical discovery but not mapped
AENTR3:I.Data[5].2,eipcfg+configio,physical_word_map,MSCRENOPICK,AENTR3,5,1007,2,I,AENTR3:I.Data[5].2,AENTR3:I.Data[5].2,,REVIEW_REQUIRED,,N,PHYSICAL_CHANNEL,in canonical discovery but not mapped
AENTR3:I.Data[5].3,eipcfg+configio,physical_word_map,MSCRENOPICK,AENTR3,5,1007,3,I,AENTR3:I.Data[5].3,AENTR3:I.Data[5].3,,REVIEW_REQUIRED,,N,PHYSICAL_CHANNEL,in canonical discovery but not mapped
AENTR3:I.Data[6].0,eipcfg+configio,physical_word_map,MSCRENOPICK,AENTR3,6,1007,0,I,AENTR3:I.Data[6].0,AENTR3:I.Data[6].0,,REVIEW_REQUIRED,,N,PHYSICAL_CHANNEL,in canonical discovery but not mapped
AENTR3:I.Data[6].1,eipcfg+configio,physical_word_map,MSCRENOPICK,AENTR3,6,1007,1,I,AENTR3:I.Data[6].1,AENTR3:I.Data[6].1,,REVIEW_REQUIRED,,N,PHYSICAL_CHANNEL,in canonical discovery but not mapped
AENTR3:I.Data[6].2,eipcfg+configio,physical_word_map,MSCRENOPICK,AENTR3,6,1007,2,I,AENTR3:I.Data[6].2,AENTR3:I.Data[6].2,,REVIEW_REQUIRED,,N,PHYSICAL_CHANNEL,in canonical discovery but not mapped
AENTR3:I.Data[6].3,eipcfg+configio,physical_word_map,MSCRENOPICK,AENTR3,6,1007,3,I,AENTR3:I.Data[6].3,AENTR3:I.Data[6].3,,REVIEW_REQUIRED,,N,PHYSICAL_CHANNEL,in canonical discovery but not mapped
AENTR3:O.Data[7].0,eipcfg+configio,physical_word_map,MSCRENOPICK,AENTR3,7,1010,0,O,AENTR3:O.Data[7].0,AENTR3:O.Data[7].0,,REVIEW_REQUIRED,,N,PHYSICAL_CHANNEL,in canonical discovery but not mapped
AENTR3:O.Data[7].1,eipcfg+configio,physical_word_map,MSCRENOPICK,AENTR3,7,1010,1,O,AENTR3:O.Data[7].1,AENTR3:O.Data[7].1,,REVIEW_REQUIRED,,N,PHYSICAL_CHANNEL,in canonical discovery but not mapped
AENTR3:O.Data[7].2,eipcfg+configio,physical_word_map,MSCRENOPICK,AENTR3,7,1010,2,O,AENTR3:O.Data[7].2,AENTR3:O.Data[7].2,,REVIEW_REQUIRED,,N,PHYSICAL_CHANNEL,in canonical discovery but not mapped
AENTR3:O.Data[7].3,eipcfg+configio,physical_word_map,MSCRENOPICK,AENTR3,7,1010,3,O,AENTR3:O.Data[7].3,AENTR3:O.Data[7].3,,REVIEW_REQUIRED,,N,PHYSICAL_CHANNEL,in canonical discovery but not mapped
AENTR3:O.Data[8].0,eipcfg+configio,physical_word_map,MSCRENOPICK,AENTR3,8,1010,0,O,AENTR3:O.Data[8].0,AENTR3:O.Data[8].0,,REVIEW_REQUIRED,,N,PHYSICAL_CHANNEL,in canonical discovery but not mapped
AENTR3:O.Data[8].1,eipcfg+configio,physical_word_map,MSCRENOPICK,AENTR3,8,1010,1,O,AENTR3:O.Data[8].1,AENTR3:O.Data[8].1,,REVIEW_REQUIRED,,N,PHYSICAL_CHANNEL,in canonical discovery but not mapped
AENTR3:O.Data[8].2,eipcfg+configio,physical_word_map,MSCRENOPICK,AENTR3,8,1010,2,O,AENTR3:O.Data[8].2,AENTR3:O.Data[8].2,,REVIEW_REQUIRED,,N,PHYSICAL_CHANNEL,in canonical discovery but not mapped
AENTR3:O.Data[8].3,eipcfg+configio,physical_word_map,MSCRENOPICK,AENTR3,8,1010,3,O,AENTR3:O.Data[8].3,AENTR3:O.Data[8].3,,REVIEW_REQUIRED,,N,PHYSICAL_CHANNEL,in canonical discovery but not mapped
AENTR3:O.Data[9].0,eipcfg+configio,physical_word_map,MSCRENOPICK,AENTR3,9,1011,0,O,AENTR3:O.Data[9].0,AENTR3:O.Data[9].0,,REVIEW_REQUIRED,,N,PHYSICAL_CHANNEL,in canonical discovery but not mapped
AENTR3:O.Data[9].1,eipcfg+configio,physical_word_map,MSCRENOPICK,AENTR3,9,1011,1,O,AENTR3:O.Data[9].1,AENTR3:O.Data[9].1,,REVIEW_REQUIRED,,N,PHYSICAL_CHANNEL,in canonical discovery but not mapped
AENTR3:O.Data[9].2,eipcfg+configio,physical_word_map,MSCRENOPICK,AENTR3,9,1011,2,O,AENTR3:O.Data[9].2,AENTR3:O.Data[9].2,,REVIEW_REQUIRED,,N,PHYSICAL_CHANNEL,in canonical discovery but not mapped
AENTR3:O.Data[9].3,eipcfg+configio,physical_word_map,MSCRENOPICK,AENTR3,9,1011,3,O,AENTR3:O.Data[9].3,AENTR3:O.Data[9].3,,REVIEW_REQUIRED,,N,PHYSICAL_CHANNEL,in canonical discovery but not mapped
AENTR3:O.Data[10].0,eipcfg+configio,physical_word_map,MSCRENOPICK,AENTR3,10,1011,0,O,AENTR3:O.Data[10].0,AENTR3:O.Data[10].0,,REVIEW_REQUIRED,,N,PHYSICAL_CHANNEL,in canonical discovery but not mapped
AENTR3:O.Data[10].1,eipcfg+configio,physical_word_map,MSCRENOPICK,AENTR3,10,1011,1,O,AENTR3:O.Data[10].1,AENTR3:O.Data[10].1,,REVIEW_REQUIRED,,N,PHYSICAL_CHANNEL,in canonical discovery but not mapped
AENTR3:O.Data[10].2,eipcfg+configio,physical_word_map,MSCRENOPICK,AENTR3,10,1011,2,O,AENTR3:O.Data[10].2,AENTR3:O.Data[10].2,,REVIEW_REQUIRED,,N,PHYSICAL_CHANNEL,in canonical discovery but not mapped
AENTR3:O.Data[10].3,eipcfg+configio,physical_word_map,MSCRENOPICK,AENTR3,10,1011,3,O,AENTR3:O.Data[10].3,AENTR3:O.Data[10].3,,REVIEW_REQUIRED,,N,PHYSICAL_CHANNEL,in canonical discovery but not mapped
AENTR3:O.Data[11].0,eipcfg+configio,physical_word_map,MSCRENOPICK,AENTR3,11,1012,0,O,AENTR3:O.Data[11].0,AENTR3:O.Data[11].0,,REVIEW_REQUIRED,,N,PHYSICAL_CHANNEL,in canonical discovery but not mapped
AENTR3:O.Data[11].1,eipcfg+configio,physical_word_map,MSCRENOPICK,AENTR3,11,1012,1,O,AENTR3:O.Data[11].1,AENTR3:O.Data[11].1,,REVIEW_REQUIRED,,N,PHYSICAL_CHANNEL,in canonical discovery but not mapped
AENTR3:O.Data[11].2,eipcfg+configio,physical_word_map,MSCRENOPICK,AENTR3,11,1012,2,O,AENTR3:O.Data[11].2,AENTR3:O.Data[11].2,,REVIEW_REQUIRED,,N,PHYSICAL_CHANNEL,in canonical discovery but not mapped
AENTR3:O.Data[11].3,eipcfg+configio,physical_word_map,MSCRENOPICK,AENTR3,11,1012,3,O,AENTR3:O.Data[11].3,AENTR3:O.Data[11].3,,REVIEW_REQUIRED,,N,PHYSICAL_CHANNEL,in canonical discovery but not mapped
AENTR2:I.Data[1].0,eipcfg+configio,physical_word_map,MSCRENOPICK,AENTR2,1,1142,0,I,AENTR2:I.Data[1].0,AENTR2:I.Data[1].0,,REVIEW_REQUIRED,,N,PHYSICAL_CHANNEL,in canonical discovery but not mapped
AENTR2:I.Data[1].1,eipcfg+configio,physical_word_map,MSCRENOPICK,AENTR2,1,1142,1,I,AENTR2:I.Data[1].1,AENTR2:I.Data[1].1,,REVIEW_REQUIRED,,N,PHYSICAL_CHANNEL,in canonical discovery but not mapped
AENTR2:I.Data[1].2,eipcfg+configio,physical_word_map,MSCRENOPICK,AENTR2,1,1142,2,I,AENTR2:I.Data[1].2,AENTR2:I.Data[1].2,,REVIEW_REQUIRED,,N,PHYSICAL_CHANNEL,in canonical discovery but not mapped
AENTR2:I.Data[1].3,eipcfg+configio,physical_word_map,MSCRENOPICK,AENTR2,1,1142,3,I,AENTR2:I.Data[1].3,AENTR2:I.Data[1].3,,REVIEW_REQUIRED,,N,PHYSICAL_CHANNEL,in canonical discovery but not mapped
AENTR2:I.Data[2].0,eipcfg+configio,physical_word_map,MSCRENOPICK,AENTR2,2,1142,0,I,AENTR2:I.Data[2].0,AENTR2:I.Data[2].0,,REVIEW_REQUIRED,,N,PHYSICAL_CHANNEL,in canonical discovery but not mapped
AENTR2:I.Data[2].1,eipcfg+configio,physical_word_map,MSCRENOPICK,AENTR2,2,1142,1,I,AENTR2:I.Data[2].1,AENTR2:I.Data[2].1,,REVIEW_REQUIRED,,N,PHYSICAL_CHANNEL,in canonical discovery but not mapped
AENTR2:I.Data[2].2,eipcfg+configio,physical_word_map,MSCRENOPICK,AENTR2,2,1142,2,I,AENTR2:I.Data[2].2,AENTR2:I.Data[2].2,,REVIEW_REQUIRED,,N,PHYSICAL_CHANNEL,in canonical discovery but not mapped
AENTR2:I.Data[2].3,eipcfg+configio,physical_word_map,MSCRENOPICK,AENTR2,2,1142,3,I,AENTR2:I.Data[2].3,AENTR2:I.Data[2].3,,REVIEW_REQUIRED,,N,PHYSICAL_CHANNEL,in canonical discovery but not mapped
AENTR2:I.Data[3].0,eipcfg+configio,physical_word_map,MSCRENOPICK,AENTR2,3,1143,0,I,AENTR2:I.Data[3].0,AENTR2:I.Data[3].0,,REVIEW_REQUIRED,,N,PHYSICAL_CHANNEL,in canonical discovery but not mapped
AENTR2:I.Data[3].1,eipcfg+configio,physical_word_map,MSCRENOPICK,AENTR2,3,1143,1,I,AENTR2:I.Data[3].1,AENTR2:I.Data[3].1,,REVIEW_REQUIRED,,N,PHYSICAL_CHANNEL,in canonical discovery but not mapped
AENTR2:I.Data[3].2,eipcfg+configio,physical_word_map,MSCRENOPICK,AENTR2,3,1143,2,I,AENTR2:I.Data[3].2,AENTR2:I.Data[3].2,,REVIEW_REQUIRED,,N,PHYSICAL_CHANNEL,in canonical discovery but not mapped
AENTR2:I.Data[3].3,eipcfg+configio,physical_word_map,MSCRENOPICK,AENTR2,3,1143,3,I,AENTR2:I.Data[3].3,AENTR2:I.Data[3].3,,REVIEW_REQUIRED,,N,PHYSICAL_CHANNEL,in canonical discovery but not mapped
AENTR2:I.Data[4].0,eipcfg+configio,physical_word_map,MSCRENOPICK,AENTR2,4,1143,0,I,AENTR2:I.Data[4].0,AENTR2:I.Data[4].0,,REVIEW_REQUIRED,,N,PHYSICAL_CHANNEL,in canonical discovery but not mapped
AENTR2:I.Data[4].1,eipcfg+configio,physical_word_map,MSCRENOPICK,AENTR2,4,1143,1,I,AENTR2:I.Data[4].1,AENTR2:I.Data[4].1,,REVIEW_REQUIRED,,N,PHYSICAL_CHANNEL,in canonical discovery but not mapped
AENTR2:I.Data[4].2,eipcfg+configio,physical_word_map,MSCRENOPICK,AENTR2,4,1143,2,I,AENTR2:I.Data[4].2,AENTR2:I.Data[4].2,,REVIEW_REQUIRED,,N,PHYSICAL_CHANNEL,in canonical discovery but not mapped
AENTR2:I.Data[4].3,eipcfg+configio,physical_word_map,MSCRENOPICK,AENTR2,4,1143,3,I,AENTR2:I.Data[4].3,AENTR2:I.Data[4].3,,REVIEW_REQUIRED,,N,PHYSICAL_CHANNEL,in canonical discovery but not mapped
AENTR2:O.Data[5].0,eipcfg+configio,physical_word_map,MSCRENOPICK,AENTR2,5,1144,0,O,AENTR2:O.Data[5].0,AENTR2:O.Data[5].0,,REVIEW_REQUIRED,,N,PHYSICAL_CHANNEL,in canonical discovery but not mapped
AENTR2:O.Data[5].1,eipcfg+configio,physical_word_map,MSCRENOPICK,AENTR2,5,1144,1,O,AENTR2:O.Data[5].1,AENTR2:O.Data[5].1,,REVIEW_REQUIRED,,N,PHYSICAL_CHANNEL,in canonical discovery but not mapped
AENTR2:O.Data[5].2,eipcfg+configio,physical_word_map,MSCRENOPICK,AENTR2,5,1144,2,O,AENTR2:O.Data[5].2,AENTR2:O.Data[5].2,,REVIEW_REQUIRED,,N,PHYSICAL_CHANNEL,in canonical discovery but not mapped
AENTR2:O.Data[5].3,eipcfg+configio,physical_word_map,MSCRENOPICK,AENTR2,5,1144,3,O,AENTR2:O.Data[5].3,AENTR2:O.Data[5].3,,REVIEW_REQUIRED,,N,PHYSICAL_CHANNEL,in canonical discovery but not mapped
AENTR2:O.Data[6].0,eipcfg+configio,physical_word_map,MSCRENOPICK,AENTR2,6,1144,0,O,AENTR2:O.Data[6].0,AENTR2:O.Data[6].0,,REVIEW_REQUIRED,,N,PHYSICAL_CHANNEL,in canonical discovery but not mapped
AENTR2:O.Data[6].1,eipcfg+configio,physical_word_map,MSCRENOPICK,AENTR2,6,1144,1,O,AENTR2:O.Data[6].1,AENTR2:O.Data[6].1,,REVIEW_REQUIRED,,N,PHYSICAL_CHANNEL,in canonical discovery but not mapped
AENTR2:O.Data[6].2,eipcfg+configio,physical_word_map,MSCRENOPICK,AENTR2,6,1144,2,O,AENTR2:O.Data[6].2,AENTR2:O.Data[6].2,,REVIEW_REQUIRED,,N,PHYSICAL_CHANNEL,in canonical discovery but not mapped
AENTR2:O.Data[6].3,eipcfg+configio,physical_word_map,MSCRENOPICK,AENTR2,6,1144,3,O,AENTR2:O.Data[6].3,AENTR2:O.Data[6].3,,REVIEW_REQUIRED,,N,PHYSICAL_CHANNEL,in canonical discovery but not mapped
ESPB24,FORTNA/Conveyor.asc,conveyor_named_claim,MSCRENOPICK,,,1001,7,I,AENTR1:3:I.Data.7,ESPB24,,MAPPED,ESPB24,Y,ESPB,present in physical_io_map mapped=Y
ESPB2,FORTNA/Conveyor.asc,conveyor_named_claim,MSCRENOPICK,,,1006,14,I,AENTR3:4:I.Data.4,ESPB2,,MAPPED,ESPB2,Y,ESPB,present in physical_io_map mapped=Y
SS1,FORTNA/Conveyor.asc,conveyor_named_claim,MSCRENOPACK,,,1017,5,,,SS1,,FOREIGN_CONTROLLER,,N,PUSHBUTTON_CONTROL,Machine_Name=MSCRENOPACK != MSCRENOPICK
SS2,FORTNA/Conveyor.asc,conveyor_named_claim,MSCRENOPACK,,,1017,6,,,SS2,,FOREIGN_CONTROLLER,,N,PUSHBUTTON_CONTROL,Machine_Name=MSCRENOPACK != MSCRENOPICK
SS3,FORTNA/Conveyor.asc,conveyor_named_claim,MSCRENOPACK,,,1017,7,,,SS3,,FOREIGN_CONTROLLER,,N,PUSHBUTTON_CONTROL,Machine_Name=MSCRENOPACK != MSCRENOPICK
SS4,FORTNA/Conveyor.asc,conveyor_named_claim,MSCRENOPACK,,,1017,10,,,SS4,,FOREIGN_CONTROLLER,,N,PUSHBUTTON_CONTROL,Machine_Name=MSCRENOPACK != MSCRENOPICK
SS5,FORTNA/Conveyor.asc,conveyor_named_claim,MSCRENOPACK,,,1017,11,,,SS5,,FOREIGN_CONTROLLER,,N,PUSHBUTTON_CONTROL,Machine_Name=MSCRENOPACK != MSCRENOPICK
SS6,FORTNA/Conveyor.asc,conveyor_named_claim,MSCRENOPACK,,,1017,12,,,SS6,,FOREIGN_CONTROLLER,,N,PUSHBUTTON_CONTROL,Machine_Name=MSCRENOPACK != MSCRENOPICK
3PBSTART,FORTNA/Conveyor.asc,conveyor_named_claim,MSCRENOPACK,,,1017,15,,,3PBSTART,,FOREIGN_CONTROLLER,,N,PUSHBUTTON_CONTROL,Machine_Name=MSCRENOPACK != MSCRENOPICK
SS7,FORTNA/Conveyor.asc,conveyor_named_claim,MSCRENOPACK,,,1032,4,,,SS7,,FOREIGN_CONTROLLER,,N,PUSHBUTTON_CONTROL,Machine_Name=MSCRENOPACK != MSCRENOPICK
SS8,FORTNA/Conveyor.asc,conveyor_named_claim,MSCRENOPACK,,,1032,5,,,SS8,,FOREIGN_CONTROLLER,,N,PUSHBUTTON_CONTROL,Machine_Name=MSCRENOPACK != MSCRENOPICK
SS9,FORTNA/Conveyor.asc,conveyor_named_claim,MSCRENOPACK,,,1032,6,,,SS9,,FOREIGN_CONTROLLER,,N,PUSHBUTTON_CONTROL,Machine_Name=MSCRENOPACK != MSCRENOPICK
SS10,FORTNA/Conveyor.asc,conveyor_named_claim,MSCRENOPACK,,,1032,7,,,SS10,,FOREIGN_CONTROLLER,,N,PUSHBUTTON_CONTROL,Machine_Name=MSCRENOPACK != MSCRENOPICK
SS11,FORTNA/Conveyor.asc,conveyor_named_claim,MSCRENOPACK,,,1032,10,,,SS11,,FOREIGN_CONTROLLER,,N,PUSHBUTTON_CONTROL,Machine_Name=MSCRENOPACK != MSCRENOPICK
SS12,FORTNA/Conveyor.asc,conveyor_named_claim,MSCRENOPACK,,,1032,11,,,SS12,,FOREIGN_CONTROLLER,,N,PUSHBUTTON_CONTROL,Machine_Name=MSCRENOPACK != MSCRENOPICK
4PBSTART,FORTNA/Conveyor.asc,conveyor_named_claim,MSCRENOPACK,,,1032,15,,,4PBSTART,,FOREIGN_CONTROLLER,,N,PUSHBUTTON_CONTROL,Machine_Name=MSCRENOPACK != MSCRENOPICK
4PBSTART_PLT,FORTNA/Conveyor.asc,conveyor_named_claim,MSCRENOPACK,,,1034,10,,,4PBSTART_PLT,,FOREIGN_CONTROLLER,,N,PUSHBUTTON_CONTROL,Machine_Name=MSCRENOPACK != MSCRENOPICK
ESPB6,FORTNA/Conveyor.asc,conveyor_named_claim,MSCRENOPACK,,,1052,15,,,ESPB6,,FOREIGN_CONTROLLER,,N,ESPB,Machine_Name=MSCRENOPACK != MSCRENOPICK
ESPB27,FORTNA/Conveyor.asc,conveyor_named_claim,MSCRENOPACK,,,1056,15,,,ESPB27,,FOREIGN_CONTROLLER,,N,ESPB,Machine_Name=MSCRENOPACK != MSCRENOPICK
PB10_JR,FORTNA/Conveyor.asc,conveyor_named_claim,MSCRENOPACK,,,1056,16,,,PB10_JR,,FOREIGN_CONTROLLER,,N,PUSHBUTTON_CONTROL,Machine_Name=MSCRENOPACK != MSCRENOPICK
ESLS1,FORTNA/Conveyor.asc,conveyor_named_claim,N/A,,,1100,17,I,,ESLS1,,REVIEW_REQUIRED,,N,ESLS,RUN_IO_SOURCE_LEDGER: present in RUN evidence; injected as REVIEW_REQUIRED (was missing from Autogen io_points).
ESPB23,FORTNA/Conveyor.asc,conveyor_named_claim,N/A,,,1101,0,I,,ESPB23,,REVIEW_REQUIRED,,N,ESPB,RUN_IO_SOURCE_LEDGER: present in RUN evidence; injected as REVIEW_REQUIRED (was missing from Autogen io_points).
PB6_JR,FORTNA/Conveyor.asc,conveyor_named_claim,N/A,,,1101,1,I,,PB6_JR,,REVIEW_REQUIRED,,N,PUSHBUTTON_CONTROL,RUN_IO_SOURCE_LEDGER: present in RUN evidence; injected as REVIEW_REQUIRED (was missing from Autogen io_points).
ESPB28,FORTNA/Conveyor.asc,conveyor_named_claim,N/A,,,1101,2,I,,ESPB28,,REVIEW_REQUIRED,,N,ESPB,RUN_IO_SOURCE_LEDGER: present in RUN evidence; injected as REVIEW_REQUIRED (was missing from Autogen io_points).
ESPB22,FORTNA/Conveyor.asc,conveyor_named_claim,N/A,,,1107,4,I,,ESPB22,,REVIEW_REQUIRED,,N,ESPB,RUN_IO_SOURCE_LEDGER: present in RUN evidence; injected as REVIEW_REQUIRED (was missing from Autogen io_points).
ESPB29,FORTNA/Conveyor.asc,conveyor_named_claim,N/A,,,1107,5,I,,ESPB29,,REVIEW_REQUIRED,,N,ESPB,RUN_IO_SOURCE_LEDGER: present in RUN evidence; injected as REVIEW_REQUIRED (was missing from Autogen io_points).
ESPB_PA3,FORTNA/Conveyor.asc,conveyor_named_claim,N/A,,,1113,12,I,,ESPB_PA3,,REVIEW_REQUIRED,,N,ESPB,RUN_IO_SOURCE_LEDGER: present in RUN evidence; injected as REVIEW_REQUIRED (was missing from Autogen io_points).
ESPB21,FORTNA/Conveyor.asc,conveyor_named_claim,N/A,,,1120,10,I,,ESPB21,,REVIEW_REQUIRED,,N,ESPB,RUN_IO_SOURCE_LEDGER: present in RUN evidence; injected as REVIEW_REQUIRED (was missing from Autogen io_points).
ESPB30,FORTNA/Conveyor.asc,conveyor_named_claim,N/A,,,1120,11,I,,ESPB30,,REVIEW_REQUIRED,,N,ESPB,RUN_IO_SOURCE_LEDGER: present in RUN evidence; injected as REVIEW_REQUIRED (was missing from Autogen io_points).
ESPB20,FORTNA/Conveyor.asc,conveyor_named_claim,N/A,,,1131,5,I,,ESPB20,,REVIEW_REQUIRED,,N,ESPB,RUN_IO_SOURCE_LEDGER: present in RUN evidence; injected as REVIEW_REQUIRED (was missing from Autogen io_points).
ESPB31,FORTNA/Conveyor.asc,conveyor_named_claim,N/A,,,1131,6,I,,ESPB31,,REVIEW_REQUIRED,,N,ESPB,RUN_IO_SOURCE_LEDGER: present in RUN evidence; injected as REVIEW_REQUIRED (was missing from Autogen io_points).
ESPB33,FORTNA/Conveyor.asc,conveyor_named_claim,N/A,,,1131,7,I,,ESPB33,,REVIEW_REQUIRED,,N,ESPB,RUN_IO_SOURCE_LEDGER: present in RUN evidence; injected as REVIEW_REQUIRED (was missing from Autogen io_points).
ESLS2,FORTNA/Conveyor.asc,conveyor_named_claim,MSCRENOPICK,,,1142,13,I,AENTR2:2:I.Data.3,ESLS2,,MAPPED,ESLS2,Y,ESLS,present in physical_io_map mapped=Y
ESPB32,FORTNA/Conveyor.asc,conveyor_named_claim,MSCRENOPICK,,,1143,0,I,AENTR2:3:I.Data.0,ESPB32,,MAPPED,ESPB32,Y,ESPB,present in physical_io_map mapped=Y
ESPB13-RBA,FORTNA/Conveyor.asc,conveyor_named_claim,N/A,,,1123,7,I,,ESPB13-RBA,,REVIEW_REQUIRED,,N,ESPB,RUN_IO_SOURCE_LEDGER: present in RUN evidence; injected as REVIEW_REQUIRED (was missing from Autogen io_points).
ESPB13-RBB,FORTNA/Conveyor.asc,conveyor_named_claim,N/A,,,1123,10,I,,ESPB13-RBB,,REVIEW_REQUIRED,,N,ESPB,RUN_IO_SOURCE_LEDGER: present in RUN evidence; injected as REVIEW_REQUIRED (was missing from Autogen io_points).
SS16,FORTNA/Conveyor.asc,conveyor_named_claim,MSCRENOPACK,,,1043,13,,,SS16,,FOREIGN_CONTROLLER,,N,PUSHBUTTON_CONTROL,Machine_Name=MSCRENOPACK != MSCRENOPICK
SS17,FORTNA/Conveyor.asc,conveyor_named_claim,MSCRENOPACK,,,1043,14,,,SS17,,FOREIGN_CONTROLLER,,N,PUSHBUTTON_CONTROL,Machine_Name=MSCRENOPACK != MSCRENOPICK
SS18,FORTNA/Conveyor.asc,conveyor_named_claim,MSCRENOPACK,,,1043,15,,,SS18,,FOREIGN_CONTROLLER,,N,PUSHBUTTON_CONTROL,Machine_Name=MSCRENOPACK != MSCRENOPICK
ESPB3,FORTNA/Conveyor.asc,conveyor_named_claim,MSCRENOPACK,,,1043,16,,,ESPB3,,FOREIGN_CONTROLLER,,N,ESPB,Machine_Name=MSCRENOPACK != MSCRENOPICK
ESPB4,FORTNA/Conveyor.asc,conveyor_named_claim,MSCRENOPACK,,,1043,17,,,ESPB4,,FOREIGN_CONTROLLER,,N,ESPB,Machine_Name=MSCRENOPACK != MSCRENOPICK
5PBSTART,FORTNA/Conveyor.asc,conveyor_named_claim,MSCRENOPACK,,,1044,2,,,5PBSTART,,FOREIGN_CONTROLLER,,N,PUSHBUTTON_CONTROL,Machine_Name=MSCRENOPACK != MSCRENOPICK
SS13,FORTNA/Conveyor.asc,conveyor_named_claim,MSCRENOPACK,,,1043,10,,,SS13,,FOREIGN_CONTROLLER,,N,PUSHBUTTON_CONTROL,Machine_Name=MSCRENOPACK != MSCRENOPICK
SS14,FORTNA/Conveyor.asc,conveyor_named_claim,MSCRENOPACK,,,1043,11,,,SS14,,FOREIGN_CONTROLLER,,N,PUSHBUTTON_CONTROL,Machine_Name=MSCRENOPACK != MSCRENOPICK
SS15,FORTNA/Conveyor.asc,conveyor_named_claim,MSCRENOPACK,,,1043,12,,,SS15,,FOREIGN_CONTROLLER,,N,PUSHBUTTON_CONTROL,Machine_Name=MSCRENOPACK != MSCRENOPICK
ESLS13P7-2,FORTNA/Conveyor.asc,conveyor_named_claim,N/A,,,1132,15,I,,ESLS13P7-2,,REVIEW_REQUIRED,,N,ESLS,RUN_IO_SOURCE_LEDGER: present in RUN evidence; injected as REVIEW_REQUIRED (was missing from Autogen io_points).
ESLS13P7-1,FORTNA/Conveyor.asc,conveyor_named_claim,N/A,,,1132,16,I,,ESLS13P7-1,,REVIEW_REQUIRED,,N,ESLS,RUN_IO_SOURCE_LEDGER: present in RUN evidence; injected as REVIEW_REQUIRED (was missing from Autogen io_points).
SS13P7,FORTNA/Conveyor.asc,conveyor_named_claim,N/A,,,1132,14,I,,SS13P7,,REVIEW_REQUIRED,,N,PUSHBUTTON_CONTROL,RUN_IO_SOURCE_LEDGER: present in RUN evidence; injected as REVIEW_REQUIRED (was missing from Autogen io_points).
SS13P9,FORTNA/Conveyor.asc,conveyor_named_claim,N/A,,,1133,11,I,,SS13P9,,REVIEW_REQUIRED,,N,PUSHBUTTON_CONTROL,RUN_IO_SOURCE_LEDGER: present in RUN evidence; injected as REVIEW_REQUIRED (was missing from Autogen io_points).
ESLS13P9-1,FORTNA/Conveyor.asc,conveyor_named_claim,N/A,,,1133,12,I,,ESLS13P9-1,,REVIEW_REQUIRED,,N,ESLS,RUN_IO_SOURCE_LEDGER: present in RUN evidence; injected as REVIEW_REQUIRED (was missing from Autogen io_points).
ESLS13P9-2,FORTNA/Conveyor.asc,conveyor_named_claim,N/A,,,1133,13,I,,ESLS13P9-2,,REVIEW_REQUIRED,,N,ESLS,RUN_IO_SOURCE_LEDGER: present in RUN evidence; injected as REVIEW_REQUIRED (was missing from Autogen io_points).
ESPB124,FORTNA/Conveyor.asc,conveyor_named_claim,N/A,,,1113,13,I,,ESPB124,,REVIEW_REQUIRED,,N,ESPB,RUN_IO_SOURCE_LEDGER: present in RUN evidence; injected as REVIEW_REQUIRED (was missing from Autogen io_points).
13PBSTART,FORTNA/Conveyor.asc,conveyor_named_claim,MSCRENOPACK,,,101,1,,,13PBSTART,,FOREIGN_CONTROLLER,,N,PUSHBUTTON_CONTROL,Machine_Name=MSCRENOPACK != MSCRENOPICK
13PBSTOP,FORTNA/Conveyor.asc,conveyor_named_claim,MSCRENOPACK,,,101,2,,,13PBSTOP,,FOREIGN_CONTROLLER,,N,PUSHBUTTON_CONTROL,Machine_Name=MSCRENOPACK != MSCRENOPICK
13ESR1_AUX,FORTNA/Conveyor.asc,conveyor_named_claim,MSCRENOPACK,,,101,3,,,13ESR1_AUX,,FOREIGN_CONTROLLER,,N,ESR,Machine_Name=MSCRENOPACK != MSCRENOPICK
13MCR1_AUX,FORTNA/Conveyor.asc,conveyor_named_claim,MSCRENOPACK,,,101,10,,,13MCR1_AUX,,FOREIGN_CONTROLLER,,N,MCR,Machine_Name=MSCRENOPACK != MSCRENOPICK
ESLS500L,FORTNA/Conveyor.asc,conveyor_named_claim,MSCRENOPACK,,,102,0,,,ESLS500L,,FOREIGN_CONTROLLER,,N,ESLS,Machine_Name=MSCRENOPACK != MSCRENOPICK
ESLS500R,FORTNA/Conveyor.asc,conveyor_named_claim,MSCRENOPACK,,,102,1,,,ESLS500R,,FOREIGN_CONTROLLER,,N,ESLS,Machine_Name=MSCRENOPACK != MSCRENOPICK
ESLS512R,FORTNA/Conveyor.asc,conveyor_named_claim,MSCRENOPACK,,,102,2,,,ESLS512R,,FOREIGN_CONTROLLER,,N,ESLS,Machine_Name=MSCRENOPACK != MSCRENOPICK
ESLS512L,FORTNA/Conveyor.asc,conveyor_named_claim,MSCRENOPACK,,,102,3,,,ESLS512L,,FOREIGN_CONTROLLER,,N,ESLS,Machine_Name=MSCRENOPACK != MSCRENOPICK
ESLS522,FORTNA/Conveyor.asc,conveyor_named_claim,MSCRENOPACK,,,102,10,,,ESLS522,,FOREIGN_CONTROLLER,,N,ESLS,Machine_Name=MSCRENOPACK != MSCRENOPICK
13ES1_AUX,FORTNA/Conveyor.asc,conveyor_named_claim,MSCRENOPACK,,,102,11,,,13ES1_AUX,,FOREIGN_CONTROLLER,,N,SAFETY,Machine_Name=MSCRENOPACK != MSCRENOPICK
PB200A_JR,FORTNA/Conveyor.asc,conveyor_named_claim,MSCRENOPACK,,,104,10,,,PB200A_JR,,FOREIGN_CONTROLLER,,N,PUSHBUTTON_CONTROL,Machine_Name=MSCRENOPACK != MSCRENOPICK
PB200B_JR,FORTNA/Conveyor.asc,conveyor_named_claim,MSCRENOPACK,,,104,11,,,PB200B_JR,,FOREIGN_CONTROLLER,,N,PUSHBUTTON_CONTROL,Machine_Name=MSCRENOPACK != MSCRENOPICK
PB400_JR,FORTNA/Conveyor.asc,conveyor_named_claim,MSCRENOPACK,,,104,12,,,PB400_JR,,FOREIGN_CONTROLLER,,N,PUSHBUTTON_CONTROL,Machine_Name=MSCRENOPACK != MSCRENOPICK
13PBSTART_PLT,FORTNA/Conveyor.asc,conveyor_named_claim,MSCRENOPACK,,,105,11,,,13PBSTART_PLT,,FOREIGN_CONTROLLER,,N,PUSHBUTTON_CONTROL,Machine_Name=MSCRENOPACK != MSCRENOPICK
13PBSTOP_PLT,FORTNA/Conveyor.asc,conveyor_named_claim,MSCRENOPACK,,,105,12,,,13PBSTOP_PLT,,FOREIGN_CONTROLLER,,N,PUSHBUTTON_CONTROL,Machine_Name=MSCRENOPACK != MSCRENOPICK
14ES1_AUX,FORTNA/Conveyor.asc,conveyor_named_claim,MSCRENOPACK,,,400,1,,,14ES1_AUX,,FOREIGN_CONTROLLER,,N,SAFETY,Machine_Name=MSCRENOPACK != MSCRENOPICK
14MCR1_AUX,FORTNA/Conveyor.asc,conveyor_named_claim,MSCRENOPACK,,,400,2,,,14MCR1_AUX,,FOREIGN_CONTROLLER,,N,MCR,Machine_Name=MSCRENOPACK != MSCRENOPICK
14MCR1_R2_AUX,FORTNA/Conveyor.asc,conveyor_named_claim,MSCRENOPACK,,,500,1,,,14MCR1_R2_AUX,,FOREIGN_CONTROLLER,,N,MCR,Machine_Name=MSCRENOPACK != MSCRENOPICK
SS1200,FORTNA/Conveyor.asc,conveyor_named_claim,MSCRENOPACK,,,507,12,,,SS1200,,FOREIGN_CONTROLLER,,N,PUSHBUTTON_CONTROL,Machine_Name=MSCRENOPACK != MSCRENOPICK
SS1202,FORTNA/Conveyor.asc,conveyor_named_claim,MSCRENOPACK,,,507,13,,,SS1202,,FOREIGN_CONTROLLER,,N,PUSHBUTTON_CONTROL,Machine_Name=MSCRENOPACK != MSCRENOPICK
SS1204,FORTNA/Conveyor.asc,conveyor_named_claim,MSCRENOPACK,,,507,14,,,SS1204,,FOREIGN_CONTROLLER,,N,PUSHBUTTON_CONTROL,Machine_Name=MSCRENOPACK != MSCRENOPICK
SS1206,FORTNA/Conveyor.asc,conveyor_named_claim,MSCRENOPACK,,,507,15,,,SS1206,,FOREIGN_CONTROLLER,,N,PUSHBUTTON_CONTROL,Machine_Name=MSCRENOPACK != MSCRENOPICK
SS1208,FORTNA/Conveyor.asc,conveyor_named_claim,MSCRENOPACK,,,507,16,,,SS1208,,FOREIGN_CONTROLLER,,N,PUSHBUTTON_CONTROL,Machine_Name=MSCRENOPACK != MSCRENOPICK
SS1210,FORTNA/Conveyor.asc,conveyor_named_claim,MSCRENOPACK,,,507,17,,,SS1210,,FOREIGN_CONTROLLER,,N,PUSHBUTTON_CONTROL,Machine_Name=MSCRENOPACK != MSCRENOPICK
SS1212,FORTNA/Conveyor.asc,conveyor_named_claim,MSCRENOPACK,,,510,0,,,SS1212,,FOREIGN_CONTROLLER,,N,PUSHBUTTON_CONTROL,Machine_Name=MSCRENOPACK != MSCRENOPICK
SS1214,FORTNA/Conveyor.asc,conveyor_named_claim,MSCRENOPACK,,,510,1,,,SS1214,,FOREIGN_CONTROLLER,,N,PUSHBUTTON_CONTROL,Machine_Name=MSCRENOPACK != MSCRENOPICK
SS1216,FORTNA/Conveyor.asc,conveyor_named_claim,MSCRENOPACK,,,510,2,,,SS1216,,FOREIGN_CONTROLLER,,N,PUSHBUTTON_CONTROL,Machine_Name=MSCRENOPACK != MSCRENOPICK
SS1218,FORTNA/Conveyor.asc,conveyor_named_claim,MSCRENOPACK,,,510,3,,,SS1218,,FOREIGN_CONTROLLER,,N,PUSHBUTTON_CONTROL,Machine_Name=MSCRENOPACK != MSCRENOPICK
SS1220,FORTNA/Conveyor.asc,conveyor_named_claim,MSCRENOPACK,,,510,4,,,SS1220,,FOREIGN_CONTROLLER,,N,PUSHBUTTON_CONTROL,Machine_Name=MSCRENOPACK != MSCRENOPICK
14MCR1_R1_AUX,FORTNA/Conveyor.asc,conveyor_named_claim,MSCRENOPACK,,,600,0,,,14MCR1_R1_AUX,,FOREIGN_CONTROLLER,,N,MCR,Machine_Name=MSCRENOPACK != MSCRENOPICK
SS1222,FORTNA/Conveyor.asc,conveyor_named_claim,MSCRENOPACK,,,610,14,,,SS1222,,FOREIGN_CONTROLLER,,N,PUSHBUTTON_CONTROL,Machine_Name=MSCRENOPACK != MSCRENOPICK
SS1224,FORTNA/Conveyor.asc,conveyor_named_claim,MSCRENOPACK,,,610,15,,,SS1224,,FOREIGN_CONTROLLER,,N,PUSHBUTTON_CONTROL,Machine_Name=MSCRENOPACK != MSCRENOPICK
SS1226,FORTNA/Conveyor.asc,conveyor_named_claim,MSCRENOPACK,,,610,16,,,SS1226,,FOREIGN_CONTROLLER,,N,PUSHBUTTON_CONTROL,Machine_Name=MSCRENOPACK != MSCRENOPICK
SS1228,FORTNA/Conveyor.asc,conveyor_named_claim,MSCRENOPACK,,,610,17,,,SS1228,,FOREIGN_CONTROLLER,,N,PUSHBUTTON_CONTROL,Machine_Name=MSCRENOPACK != MSCRENOPICK
SS1230,FORTNA/Conveyor.asc,conveyor_named_claim,MSCRENOPACK,,,611,0,,,SS1230,,FOREIGN_CONTROLLER,,N,PUSHBUTTON_CONTROL,Machine_Name=MSCRENOPACK != MSCRENOPICK
SS1232,FORTNA/Conveyor.asc,conveyor_named_claim,MSCRENOPACK,,,611,1,,,SS1232,,FOREIGN_CONTROLLER,,N,PUSHBUTTON_CONTROL,Machine_Name=MSCRENOPACK != MSCRENOPICK
SS1234,FORTNA/Conveyor.asc,conveyor_named_claim,MSCRENOPACK,,,611,2,,,SS1234,,FOREIGN_CONTROLLER,,N,PUSHBUTTON_CONTROL,Machine_Name=MSCRENOPACK != MSCRENOPICK
SS1236,FORTNA/Conveyor.asc,conveyor_named_claim,MSCRENOPACK,,,611,3,,,SS1236,,FOREIGN_CONTROLLER,,N,PUSHBUTTON_CONTROL,Machine_Name=MSCRENOPACK != MSCRENOPICK
SS1238,FORTNA/Conveyor.asc,conveyor_named_claim,MSCRENOPACK,,,611,4,,,SS1238,,FOREIGN_CONTROLLER,,N,PUSHBUTTON_CONTROL,Machine_Name=MSCRENOPACK != MSCRENOPICK
SS1240,FORTNA/Conveyor.asc,conveyor_named_claim,MSCRENOPACK,,,611,5,,,SS1240,,FOREIGN_CONTROLLER,,N,PUSHBUTTON_CONTROL,Machine_Name=MSCRENOPACK != MSCRENOPICK
SS1242,FORTNA/Conveyor.asc,conveyor_named_claim,MSCRENOPACK,,,611,6,,,SS1242,,FOREIGN_CONTROLLER,,N,PUSHBUTTON_CONTROL,Machine_Name=MSCRENOPACK != MSCRENOPICK
SS1244,FORTNA/Conveyor.asc,conveyor_named_claim,MSCRENOPACK,,,611,7,,,SS1244,,FOREIGN_CONTROLLER,,N,PUSHBUTTON_CONTROL,Machine_Name=MSCRENOPACK != MSCRENOPICK
ESPB1_1,FORTNA/Conveyor.asc,conveyor_named_claim,MSCRENOPACK,,,1053,7,,,ESPB1_1,,FOREIGN_CONTROLLER,,N,ESPB,Machine_Name=MSCRENOPACK != MSCRENOPICK
ESPB24,FORTNA/EStop.asc,estop_table,,,,1001,7,I,AENTR1:3:I.Data.7,ESPB24,,MAPPED,ESPB24,Y,ESPB,present in physical_io_map mapped=Y
ESPB2,FORTNA/EStop.asc,estop_table,,,,1006,14,I,AENTR3:4:I.Data.4,ESPB2,,MAPPED,ESPB2,Y,ESPB,present in physical_io_map mapped=Y
ESPB6,FORTNA/EStop.asc,estop_table,,,,,,I,,ESPB6,,REVIEW_REQUIRED,,N,ESPB,RUN_IO_SOURCE_LEDGER: present in RUN evidence; injected as REVIEW_REQUIRED (was missing from Autogen io_points).
ESPB27,FORTNA/EStop.asc,estop_table,,,,,,I,,ESPB27,,REVIEW_REQUIRED,,N,ESPB,RUN_IO_SOURCE_LEDGER: present in RUN evidence; injected as REVIEW_REQUIRED (was missing from Autogen io_points).
ESLS1,FORTNA/EStop.asc,estop_table,,,,1100,17,I,,ESLS1,,REVIEW_REQUIRED,,N,ESLS,RUN_IO_SOURCE_LEDGER: present in RUN evidence; injected as REVIEW_REQUIRED (was missing from Autogen io_points).
ESPB23,FORTNA/EStop.asc,estop_table,,,,1101,0,I,,ESPB23,,REVIEW_REQUIRED,,N,ESPB,RUN_IO_SOURCE_LEDGER: present in RUN evidence; injected as REVIEW_REQUIRED (was missing from Autogen io_points).
ESPB28,FORTNA/EStop.asc,estop_table,,,,1101,2,I,,ESPB28,,REVIEW_REQUIRED,,N,ESPB,RUN_IO_SOURCE_LEDGER: present in RUN evidence; injected as REVIEW_REQUIRED (was missing from Autogen io_points).
ESPB22,FORTNA/EStop.asc,estop_table,,,,1107,4,I,,ESPB22,,REVIEW_REQUIRED,,N,ESPB,RUN_IO_SOURCE_LEDGER: present in RUN evidence; injected as REVIEW_REQUIRED (was missing from Autogen io_points).
ESPB29,FORTNA/EStop.asc,estop_table,,,,1107,5,I,,ESPB29,,REVIEW_REQUIRED,,N,ESPB,RUN_IO_SOURCE_LEDGER: present in RUN evidence; injected as REVIEW_REQUIRED (was missing from Autogen io_points).
ESPB_PA3,FORTNA/EStop.asc,estop_table,,,,1113,12,I,,ESPB_PA3,,REVIEW_REQUIRED,,N,ESPB,RUN_IO_SOURCE_LEDGER: present in RUN evidence; injected as REVIEW_REQUIRED (was missing from Autogen io_points).
ESPB21,FORTNA/EStop.asc,estop_table,,,,1120,10,I,,ESPB21,,REVIEW_REQUIRED,,N,ESPB,RUN_IO_SOURCE_LEDGER: present in RUN evidence; injected as REVIEW_REQUIRED (was missing from Autogen io_points).
ESPB30,FORTNA/EStop.asc,estop_table,,,,1120,11,I,,ESPB30,,REVIEW_REQUIRED,,N,ESPB,RUN_IO_SOURCE_LEDGER: present in RUN evidence; injected as REVIEW_REQUIRED (was missing from Autogen io_points).
ESPB20,FORTNA/EStop.asc,estop_table,,,,1131,5,I,,ESPB20,,REVIEW_REQUIRED,,N,ESPB,RUN_IO_SOURCE_LEDGER: present in RUN evidence; injected as REVIEW_REQUIRED (was missing from Autogen io_points).
ESPB31,FORTNA/EStop.asc,estop_table,,,,1131,6,I,,ESPB31,,REVIEW_REQUIRED,,N,ESPB,RUN_IO_SOURCE_LEDGER: present in RUN evidence; injected as REVIEW_REQUIRED (was missing from Autogen io_points).
ESPB33,FORTNA/EStop.asc,estop_table,,,,1131,7,I,,ESPB33,,REVIEW_REQUIRED,,N,ESPB,RUN_IO_SOURCE_LEDGER: present in RUN evidence; injected as REVIEW_REQUIRED (was missing from Autogen io_points).
ESLS2,FORTNA/EStop.asc,estop_table,,,,1142,13,I,AENTR2:2:I.Data.3,ESLS2,,MAPPED,ESLS2,Y,ESLS,present in physical_io_map mapped=Y
ESPB32,FORTNA/EStop.asc,estop_table,,,,1143,0,I,AENTR2:3:I.Data.0,ESPB32,,MAPPED,ESPB32,Y,ESPB,present in physical_io_map mapped=Y
ESPB3,FORTNA/EStop.asc,estop_table,,,,,,I,,ESPB3,,REVIEW_REQUIRED,,N,ESPB,RUN_IO_SOURCE_LEDGER: present in RUN evidence; injected as REVIEW_REQUIRED (was missing from Autogen io_points).
ESPB4,FORTNA/EStop.asc,estop_table,,,,,,I,,ESPB4,,REVIEW_REQUIRED,,N,ESPB,RUN_IO_SOURCE_LEDGER: present in RUN evidence; injected as REVIEW_REQUIRED (was missing from Autogen io_points).
ESLS13P7-1,FORTNA/EStop.asc,estop_table,,,,1132,16,I,,ESLS13P7-1,,REVIEW_REQUIRED,,N,ESLS,RUN_IO_SOURCE_LEDGER: present in RUN evidence; injected as REVIEW_REQUIRED (was missing from Autogen io_points).
ESLS13P7-2,FORTNA/EStop.asc,estop_table,,,,1132,15,I,,ESLS13P7-2,,REVIEW_REQUIRED,,N,ESLS,RUN_IO_SOURCE_LEDGER: present in RUN evidence; injected as REVIEW_REQUIRED (was missing from Autogen io_points).
ESLS13P9-1,FORTNA/EStop.asc,estop_table,,,,1133,12,I,,ESLS13P9-1,,REVIEW_REQUIRED,,N,ESLS,RUN_IO_SOURCE_LEDGER: present in RUN evidence; injected as REVIEW_REQUIRED (was missing from Autogen io_points).
ESLS13P9-2,FORTNA/EStop.asc,estop_table,,,,1133,13,I,,ESLS13P9-2,,REVIEW_REQUIRED,,N,ESLS,RUN_IO_SOURCE_LEDGER: present in RUN evidence; injected as REVIEW_REQUIRED (was missing from Autogen io_points).
ESPB124,FORTNA/EStop.asc,estop_table,,,,1113,13,I,,ESPB124,,REVIEW_REQUIRED,,N,ESPB,RUN_IO_SOURCE_LEDGER: present in RUN evidence; injected as REVIEW_REQUIRED (was missing from Autogen io_points).
ESLS500L,FORTNA/EStop.asc,estop_table,,,,,,I,,ESLS500L,,REVIEW_REQUIRED,,N,ESLS,RUN_IO_SOURCE_LEDGER: present in RUN evidence; injected as REVIEW_REQUIRED (was missing from Autogen io_points).
ESLS500R,FORTNA/EStop.asc,estop_table,,,,,,I,,ESLS500R,,REVIEW_REQUIRED,,N,ESLS,RUN_IO_SOURCE_LEDGER: present in RUN evidence; injected as REVIEW_REQUIRED (was missing from Autogen io_points).
ESLS512R,FORTNA/EStop.asc,estop_table,,,,,,I,,ESLS512R,,REVIEW_REQUIRED,,N,ESLS,RUN_IO_SOURCE_LEDGER: present in RUN evidence; injected as REVIEW_REQUIRED (was missing from Autogen io_points).
ESLS512L,FORTNA/EStop.asc,estop_table,,,,,,I,,ESLS512L,,REVIEW_REQUIRED,,N,ESLS,RUN_IO_SOURCE_LEDGER: present in RUN evidence; injected as REVIEW_REQUIRED (was missing from Autogen io_points).
ESLS522,FORTNA/EStop.asc,estop_table,,,,,,I,,ESLS522,,REVIEW_REQUIRED,,N,ESLS,RUN_IO_SOURCE_LEDGER: present in RUN evidence; injected as REVIEW_REQUIRED (was missing from Autogen io_points).
ESPB1_1,FORTNA/EStop.asc,estop_table,,,,,,I,,ESPB1_1,,REVIEW_REQUIRED,,N,ESPB,RUN_IO_SOURCE_LEDGER: present in RUN evidence; injected as REVIEW_REQUIRED (was missing from Autogen io_points).
ESPB13-RBB,FORTNA/EStop.asc,estop_table,,,,1123,10,I,,ESPB13-RBB,,REVIEW_REQUIRED,,N,ESPB,RUN_IO_SOURCE_LEDGER: present in RUN evidence; injected as REVIEW_REQUIRED (was missing from Autogen io_points).
ESPB13-RBA,FORTNA/EStop.asc,estop_table,,,,1123,7,I,,ESPB13-RBA,,REVIEW_REQUIRED,,N,ESPB,RUN_IO_SOURCE_LEDGER: present in RUN evidence; injected as REVIEW_REQUIRED (was missing from Autogen io_points).
ESLS1,safety_model/evidence_union,safety_evidence,,,,1100,17,I,1100.15,ESLS1,,REVIEW_REQUIRED,,N,ESLS,RUN_IO_SOURCE_LEDGER: present in RUN evidence; injected as REVIEW_REQUIRED (was missing from Autogen io_points).
ESLS13P7-1,safety_model/evidence_union,safety_evidence,,,,1132,16,I,1132.14,ESLS13P7-1,,REVIEW_REQUIRED,,N,ESLS,RUN_IO_SOURCE_LEDGER: present in RUN evidence; injected as REVIEW_REQUIRED (was missing from Autogen io_points).
ESLS13P7-2,safety_model/evidence_union,safety_evidence,,,,1132,15,I,1132.13,ESLS13P7-2,,REVIEW_REQUIRED,,N,ESLS,RUN_IO_SOURCE_LEDGER: present in RUN evidence; injected as REVIEW_REQUIRED (was missing from Autogen io_points).
ESLS13P9-1,safety_model/evidence_union,safety_evidence,,,,1133,12,I,1133.10,ESLS13P9-1,,REVIEW_REQUIRED,,N,ESLS,RUN_IO_SOURCE_LEDGER: present in RUN evidence; injected as REVIEW_REQUIRED (was missing from Autogen io_points).
ESLS13P9-2,safety_model/evidence_union,safety_evidence,,,,1133,13,I,1133.11,ESLS13P9-2,,REVIEW_REQUIRED,,N,ESLS,RUN_IO_SOURCE_LEDGER: present in RUN evidence; injected as REVIEW_REQUIRED (was missing from Autogen io_points).
ESLS2,safety_model/evidence_union,safety_evidence,MSCRENOPICK,,,1142,13,I,AENTR2:I.DATA[2].3,ESLS2,,MAPPED,ESLS2,Y,ESLS,present in physical_io_map mapped=Y
ESPB124,safety_model/evidence_union,safety_evidence,,,,1113,13,I,1113.11,ESPB124,,REVIEW_REQUIRED,,N,ESTOP,RUN_IO_SOURCE_LEDGER: present in RUN evidence; injected as REVIEW_REQUIRED (was missing from Autogen io_points).
ESPB13-RBA,safety_model/evidence_union,safety_evidence,,,,1123,7,I,1123.7,ESPB13-RBA,,REVIEW_REQUIRED,,N,ESTOP,RUN_IO_SOURCE_LEDGER: present in RUN evidence; injected as REVIEW_REQUIRED (was missing from Autogen io_points).
ESPB13-RBB,safety_model/evidence_union,safety_evidence,,,,1123,10,I,1123.8,ESPB13-RBB,,REVIEW_REQUIRED,,N,ESTOP,RUN_IO_SOURCE_LEDGER: present in RUN evidence; injected as REVIEW_REQUIRED (was missing from Autogen io_points).
ESPB1O,safety_model/evidence_union,safety_evidence,,,,,,I,,ESPB1O,,REVIEW_REQUIRED,,N,ESTOP,RUN_IO_SOURCE_LEDGER: present in RUN evidence; injected as REVIEW_REQUIRED (was missing from Autogen io_points).
ESPB2,safety_model/evidence_union,safety_evidence,MSCRENOPICK,,,1006,14,I,AENTR3:I.DATA[4].4,ESPB2,,MAPPED,ESPB2,Y,ESTOP,present in physical_io_map mapped=Y
ESPB20,safety_model/evidence_union,safety_evidence,,,,1131,5,I,1131.5,ESPB20,,REVIEW_REQUIRED,,N,ESTOP,RUN_IO_SOURCE_LEDGER: present in RUN evidence; injected as REVIEW_REQUIRED (was missing from Autogen io_points).
ESPB21,safety_model/evidence_union,safety_evidence,,,,1120,10,I,1120.8,ESPB21,,REVIEW_REQUIRED,,N,ESTOP,RUN_IO_SOURCE_LEDGER: present in RUN evidence; injected as REVIEW_REQUIRED (was missing from Autogen io_points).
ESPB22,safety_model/evidence_union,safety_evidence,,,,1107,4,I,1107.4,ESPB22,,REVIEW_REQUIRED,,N,ESTOP,RUN_IO_SOURCE_LEDGER: present in RUN evidence; injected as REVIEW_REQUIRED (was missing from Autogen io_points).
ESPB23,safety_model/evidence_union,safety_evidence,,,,1101,0,I,1101.0,ESPB23,,REVIEW_REQUIRED,,N,ESTOP,RUN_IO_SOURCE_LEDGER: present in RUN evidence; injected as REVIEW_REQUIRED (was missing from Autogen io_points).
ESPB24,safety_model/evidence_union,safety_evidence,MSCRENOPICK,,,1001,7,I,AENTR1:I.DATA[3].7,ESPB24,,MAPPED,ESPB24,Y,ESTOP,present in physical_io_map mapped=Y
ESPB28,safety_model/evidence_union,safety_evidence,,,,1101,2,I,1101.2,ESPB28,,REVIEW_REQUIRED,,N,ESTOP,RUN_IO_SOURCE_LEDGER: present in RUN evidence; injected as REVIEW_REQUIRED (was missing from Autogen io_points).
ESPB29,safety_model/evidence_union,safety_evidence,,,,1107,5,I,1107.5,ESPB29,,REVIEW_REQUIRED,,N,ESTOP,RUN_IO_SOURCE_LEDGER: present in RUN evidence; injected as REVIEW_REQUIRED (was missing from Autogen io_points).
ESPB30,safety_model/evidence_union,safety_evidence,,,,1120,11,I,1120.9,ESPB30,,REVIEW_REQUIRED,,N,ESTOP,RUN_IO_SOURCE_LEDGER: present in RUN evidence; injected as REVIEW_REQUIRED (was missing from Autogen io_points).
ESPB31,safety_model/evidence_union,safety_evidence,,,,1131,6,I,1131.6,ESPB31,,REVIEW_REQUIRED,,N,ESTOP,RUN_IO_SOURCE_LEDGER: present in RUN evidence; injected as REVIEW_REQUIRED (was missing from Autogen io_points).
ESPB32,safety_model/evidence_union,safety_evidence,MSCRENOPICK,,,1143,0,I,AENTR2:I.DATA[3].0,ESPB32,,MAPPED,ESPB32,Y,ESTOP,present in physical_io_map mapped=Y
ESPB33,safety_model/evidence_union,safety_evidence,,,,1131,7,I,1131.7,ESPB33,,REVIEW_REQUIRED,,N,ESTOP,RUN_IO_SOURCE_LEDGER: present in RUN evidence; injected as REVIEW_REQUIRED (was missing from Autogen io_points).
ESPB_PA3,safety_model/evidence_union,safety_review,,,,,,,1113.10,ESPB_PA3,,UNSUPPORTED,,N,SAFETY,safety_like_name_without_supported_device_grammar
ESSTOP1,safety_model/evidence_union,safety_review,,,,,,,,ESSTOP1,,UNSUPPORTED,,N,SAFETY,safety_like_name_without_supported_device_grammar
