fortna_name,device_type,direction,fortna_bank,fortna_bit,module_data_ref,mapped,notes
"EZPE231A_F","photoeye","I","1006","11","T_1794_AENT_5:6:I.Data.9",Y,"alt=T_1794_AENT_5:I.Data[6].9; type=1794-IB16; word=1006; eip=1006"
"EZPE231A_P","photoeye","I","1006","12","T_1794_AENT_5:6:I.Data.10",Y,"alt=T_1794_AENT_5:I.Data[6].10; type=1794-IB16; word=1006; eip=1006"
"EZPE116_F","photoeye","I","107","0","T_1794_AENT_1:8:I.Data.0",Y,"alt=T_1794_AENT_1:I.Data[8].0; type=1794-IB16; word=107; eip=107"
"EZPE116_P","photoeye","I","420","0","T_1794_AENT_4:1:I.Data.0",Y,"alt=T_1794_AENT_4:I.Data[1].0; type=1794-IB16; word=420; eip=420"
"PE104_JF","photoeye","I","105","0","T_1794_AENT_1:6:I.Data.0",Y,"alt=T_1794_AENT_1:I.Data[6].0; type=1794-IA16; word=105; eip=105"
"PE108_JF","photoeye","I","105","1","T_1794_AENT_1:6:I.Data.1",Y,"alt=T_1794_AENT_1:I.Data[6].1; type=1794-IA16; word=105; eip=105"
"PE118_P","photoeye","I","422","0","T_1794_AENT_4:1:I.Data.0",Y,"alt=T_1794_AENT_4:I.Data[1].0; type=1794-IB16; word=422; eip=82; via=configio"
"EZPE209_F","photoeye","I","1006","2","T_1794_AENT_5:6:I.Data.2",Y,"alt=T_1794_AENT_5:I.Data[6].2; type=1794-IB16; word=1006; eip=1006"
"EZPE209_P","photoeye","I","1006","3","T_1794_AENT_5:6:I.Data.3",Y,"alt=T_1794_AENT_5:I.Data[6].3; type=1794-IB16; word=1006; eip=1006"
"EZPE212_F1","photoeye","I","107","1","T_1794_AENT_1:8:I.Data.1",Y,"alt=T_1794_AENT_1:I.Data[8].1; type=1794-IB16; word=107; eip=107"
"EZPE212_F2","photoeye","I","107","2","T_1794_AENT_1:8:I.Data.2",Y,"alt=T_1794_AENT_1:I.Data[8].2; type=1794-IB16; word=107; eip=107"
"EZPE212_P1","photoeye","I","107","4","T_1794_AENT_1:8:I.Data.4",Y,"alt=T_1794_AENT_1:I.Data[8].4; type=1794-IB16; word=107; eip=107"
"EZPE213_F","photoeye","I","1006","4","T_1794_AENT_5:6:I.Data.4",Y,"alt=T_1794_AENT_5:I.Data[6].4; type=1794-IB16; word=1006; eip=1006"
"EZPE213_P","photoeye","I","1006","5","T_1794_AENT_5:6:I.Data.5",Y,"alt=T_1794_AENT_5:I.Data[6].5; type=1794-IB16; word=1006; eip=1006"
"EZPE214_P","photoeye","I","420","1","T_1794_AENT_4:1:I.Data.1",Y,"alt=T_1794_AENT_4:I.Data[1].1; type=1794-IB16; word=420; eip=420"
"EZPE217_F","photoeye","I","1006","6","T_1794_AENT_5:6:I.Data.6",Y,"alt=T_1794_AENT_5:I.Data[6].6; type=1794-IB16; word=1006; eip=1006"
"EZPE217_P","photoeye","I","1006","7","T_1794_AENT_5:6:I.Data.7",Y,"alt=T_1794_AENT_5:I.Data[6].7; type=1794-IB16; word=1006; eip=1006"
"EZPE229_P","photoeye","I","1006","10","T_1794_AENT_5:6:I.Data.8",Y,"alt=T_1794_AENT_5:I.Data[6].8; type=1794-IB16; word=1006; eip=1006"
"PE204_JF","photoeye","I","105","2","T_1794_AENT_1:6:I.Data.2",Y,"alt=T_1794_AENT_1:I.Data[6].2; type=1794-IA16; word=105; eip=105"
"PE208_JF","photoeye","I","105","3","T_1794_AENT_1:6:I.Data.3",Y,"alt=T_1794_AENT_1:I.Data[6].3; type=1794-IA16; word=105; eip=105"
"PE210A_JF","photoeye","I","1002","12","T_1794_AENT_1:6:I.Data.2",Y,"alt=T_1794_AENT_1:I.Data[6].2; type=1794-IA16; word=1002; eip=105; via=configio"
"PE215_J","photoeye","I","1002","13","T_1794_AENT_1:6:I.Data.3",Y,"alt=T_1794_AENT_1:I.Data[6].3; type=1794-IA16; word=1002; eip=105; via=configio"
"PE216_P","photoeye","I","422","1","T_1794_AENT_4:1:I.Data.1",Y,"alt=T_1794_AENT_4:I.Data[1].1; type=1794-IB16; word=422; eip=82; via=configio"
"PE219A_J","photoeye","I","1002","14","T_1794_AENT_1:6:I.Data.4",Y,"alt=T_1794_AENT_1:I.Data[6].4; type=1794-IA16; word=1002; eip=105; via=configio"
"PE219_P","photoeye","I","1006","0","T_1794_AENT_5:6:I.Data.0",Y,"alt=T_1794_AENT_5:I.Data[6].0; type=1794-IB16; word=1006; eip=1006"
"EZPE304_F","photoeye","I","107","3","T_1794_AENT_1:8:I.Data.3",Y,"alt=T_1794_AENT_1:I.Data[8].3; type=1794-IB16; word=107; eip=107"
"EZPE304_P","photoeye","I","107","5","T_1794_AENT_1:8:I.Data.5",Y,"alt=T_1794_AENT_1:I.Data[8].5; type=1794-IB16; word=107; eip=107"
"PE306_P","photoeye","I","105","4","T_1794_AENT_1:6:I.Data.4",Y,"alt=T_1794_AENT_1:I.Data[6].4; type=1794-IA16; word=105; eip=105"
"PE308_J","photoeye","I","105","5","T_1794_AENT_1:6:I.Data.5",Y,"alt=T_1794_AENT_1:I.Data[6].5; type=1794-IA16; word=105; eip=105"
"EZPE408_P","photoeye","I","420","2","T_1794_AENT_4:1:I.Data.2",Y,"alt=T_1794_AENT_4:I.Data[1].2; type=1794-IB16; word=420; eip=420"
"EZPE418_F","photoeye","I","420","3","T_1794_AENT_4:1:I.Data.3",Y,"alt=T_1794_AENT_4:I.Data[1].3; type=1794-IB16; word=420; eip=420"
"EZPE418_P","photoeye","I","420","4","T_1794_AENT_4:1:I.Data.4",Y,"alt=T_1794_AENT_4:I.Data[1].4; type=1794-IB16; word=420; eip=420"
"EZPE450_F","photoeye","I","420","5","T_1794_AENT_4:1:I.Data.5",Y,"alt=T_1794_AENT_4:I.Data[1].5; type=1794-IB16; word=420; eip=420"
"EZPE450_P","photoeye","I","420","6","T_1794_AENT_4:1:I.Data.6",Y,"alt=T_1794_AENT_4:I.Data[1].6; type=1794-IB16; word=420; eip=420"
"EZPE456_F","photoeye","I","420","7","T_1794_AENT_4:1:I.Data.7",Y,"alt=T_1794_AENT_4:I.Data[1].7; type=1794-IB16; word=420; eip=420"
"EZPE456_P","photoeye","I","420","10","T_1794_AENT_4:1:I.Data.8",Y,"alt=T_1794_AENT_4:I.Data[1].8; type=1794-IB16; word=420; eip=420"
"PE410_P","photoeye","I","422","2","T_1794_AENT_4:1:I.Data.2",Y,"alt=T_1794_AENT_4:I.Data[1].2; type=1794-IB16; word=422; eip=82; via=configio"
"PE414A_J","photoeye","I","407","15","T_1794_AENT_2:8:I.Data.13",Y,"alt=T_1794_AENT_2:I.Data[8].13; type=1794-IA16; word=407; eip=407"
"PE414B_J","photoeye","I","407","16","T_1794_AENT_2:8:I.Data.14",Y,"alt=T_1794_AENT_2:I.Data[8].14; type=1794-IA16; word=407; eip=407"
"PE414C_J","photoeye","I","407","17","T_1794_AENT_2:8:I.Data.15",Y,"alt=T_1794_AENT_2:I.Data[8].15; type=1794-IA16; word=407; eip=407"
"PE414D_J","photoeye","I","410","0","",N,"UNMAPPED word 410 \u2014 not in Configio/EIPCSV (other panel/PLC bank, or missing module)"
"PE414_J","photoeye","I","407","14","T_1794_AENT_2:8:I.Data.12",Y,"alt=T_1794_AENT_2:I.Data[8].12; type=1794-IA16; word=407; eip=407"
"PE422_P","photoeye","I","410","1","",N,"UNMAPPED word 410 \u2014 not in Configio/EIPCSV (other panel/PLC bank, or missing module)"
"PE424_I","photoeye","I","422","4","T_1794_AENT_4:1:I.Data.4",Y,"alt=T_1794_AENT_4:I.Data[1].4; type=1794-IB16; word=422; eip=82; via=configio"
"PE428_JF","photoeye","I","410","2","",N,"UNMAPPED word 410 \u2014 not in Configio/EIPCSV (other panel/PLC bank, or missing module)"
"PE434_JF","photoeye","I","410","3","",N,"UNMAPPED word 410 \u2014 not in Configio/EIPCSV (other panel/PLC bank, or missing module)"
"PE438_JF","photoeye","I","410","4","",N,"UNMAPPED word 410 \u2014 not in Configio/EIPCSV (other panel/PLC bank, or missing module)"
"PE446_J","photoeye","I","410","5","",N,"UNMAPPED word 410 \u2014 not in Configio/EIPCSV (other panel/PLC bank, or missing module)"
"PE462_F","photoeye","I","410","17","",N,"UNMAPPED word 410 \u2014 not in Configio/EIPCSV (other panel/PLC bank, or missing module)"
"EZPE828_F","photoeye","I","420","11","T_1794_AENT_4:1:I.Data.9",Y,"alt=T_1794_AENT_4:I.Data[1].9; type=1794-IB16; word=420; eip=420"
"EZPE828_P","photoeye","I","420","12","T_1794_AENT_4:1:I.Data.10",Y,"alt=T_1794_AENT_4:I.Data[1].10; type=1794-IB16; word=420; eip=420"
"EZPE832_F","photoeye","I","420","13","T_1794_AENT_4:1:I.Data.11",Y,"alt=T_1794_AENT_4:I.Data[1].11; type=1794-IB16; word=420; eip=420"
"EZPE832_P","photoeye","I","420","14","T_1794_AENT_4:1:I.Data.12",Y,"alt=T_1794_AENT_4:I.Data[1].12; type=1794-IB16; word=420; eip=420"
"PE820_JF","photoeye","I","410","6","",N,"UNMAPPED word 410 \u2014 not in Configio/EIPCSV (other panel/PLC bank, or missing module)"
"PE834_P","photoeye","I","422","3","T_1794_AENT_4:1:I.Data.3",Y,"alt=T_1794_AENT_4:I.Data[1].3; type=1794-IB16; word=422; eip=82; via=configio"
"CITY_COUNTER_PB","other","I","452","5","",N,"UNMAPPED word 452 \u2014 not in Configio/EIPCSV (other panel/PLC bank, or missing module)"
"1ESR1_AUX","estop","I","101","3","T_1794_AENT_1:2:I.Data.3",Y,"alt=T_1794_AENT_1:I.Data[2].3; type=1794-IA16; word=101; eip=101"
"1ESR2_AUX","estop","I","101","4","T_1794_AENT_1:2:I.Data.4",Y,"alt=T_1794_AENT_1:I.Data[2].4; type=1794-IA16; word=101; eip=101"
"1MCR1","estop","O","100","2","T_1794_AENT_1:1:O.Data.2",Y,"alt=T_1794_AENT_1:O.Data[1].2; type=1794-OA8I; word=100; via=configio"
"1MCR1_AUX","estop","I","101","2","T_1794_AENT_1:2:I.Data.2",Y,"alt=T_1794_AENT_1:I.Data[2].2; type=1794-IA16; word=101; eip=101"
"1PBSTART","pushbutton","I","101","0","T_1794_AENT_1:2:I.Data.0",Y,"alt=T_1794_AENT_1:I.Data[2].0; type=1794-IA16; word=101; eip=101"
"1PBSTOP","pushbutton","I","101","1","T_1794_AENT_1:2:I.Data.1",Y,"alt=T_1794_AENT_1:I.Data[2].1; type=1794-IA16; word=101; eip=101"
"4ESR1_AUX","estop","I","401","3","T_1794_AENT_2:2:I.Data.3",Y,"alt=T_1794_AENT_2:I.Data[2].3; type=1794-IA16; word=401; eip=401"
"4ESR2_AUX","estop","I","401","4","T_1794_AENT_2:2:I.Data.4",Y,"alt=T_1794_AENT_2:I.Data[2].4; type=1794-IA16; word=401; eip=401"
"4MCR1","estop","O","400","2","T_1794_AENT_2:1:O.Data.2",Y,"alt=T_1794_AENT_2:O.Data[1].2; type=1794-OA8I; word=400; eip=20; via=configio"
"4MCR1_AUX","estop","I","401","2","T_1794_AENT_2:2:I.Data.2",Y,"alt=T_1794_AENT_2:I.Data[2].2; type=1794-IA16; word=401; eip=401"
"4PBSTART","pushbutton","I","401","0","T_1794_AENT_2:2:I.Data.0",Y,"alt=T_1794_AENT_2:I.Data[2].0; type=1794-IA16; word=401; eip=401"
"4PBSTOP","pushbutton","I","401","1","T_1794_AENT_2:2:I.Data.1",Y,"alt=T_1794_AENT_2:I.Data[2].1; type=1794-IA16; word=401; eip=401"
"8PBSTART","pushbutton","I","1001","0","T_1794_AENT_1:4:I.Data.0",Y,"alt=T_1794_AENT_1:I.Data[4].0; type=1794-IA16; word=1001; eip=103; via=configio"
"8PBSTOP","pushbutton","I","1001","1","T_1794_AENT_1:4:I.Data.1",Y,"alt=T_1794_AENT_1:I.Data[4].1; type=1794-IA16; word=1001; eip=103; via=configio"
"PBSTART414","pushbutton","I","403","2","T_1794_AENT_2:6:I.Data.2",Y,"alt=T_1794_AENT_2:I.Data[6].2; type=1794-IA16; word=403; eip=36; via=configio"
"PBSTOP414","pushbutton","I","403","3","T_1794_AENT_2:6:I.Data.3",Y,"alt=T_1794_AENT_2:I.Data[6].3; type=1794-IA16; word=403; eip=36; via=configio"
"VFD216_FLT","vfd","I","424","4","T_1794_AENT_4:5:I.Data.4",Y,"alt=T_1794_AENT_4:I.Data[5].4; type=1794-IB16; word=424; eip=86; via=configio"
"VFD219_FLT","vfd","I","1006","16","T_1794_AENT_5:6:I.Data.14",Y,"alt=T_1794_AENT_5:I.Data[6].14; type=1794-IB16; word=1006; eip=1006"
"VFD410_FLT","vfd","I","424","7","T_1794_AENT_4:5:I.Data.7",Y,"alt=T_1794_AENT_4:I.Data[5].7; type=1794-IB16; word=424; eip=86; via=configio"
"VFD422_FLT","vfd","I","424","13","T_1794_AENT_4:5:I.Data.3",Y,"alt=T_1794_AENT_4:I.Data[5].3; type=1794-IB16; word=424; eip=86; via=configio"
"VFD834_FLT","vfd","I","424","16","T_1794_AENT_4:5:I.Data.6",Y,"alt=T_1794_AENT_4:I.Data[5].6; type=1794-IB16; word=424; eip=86; via=configio"
"CR305","motor","O","102","7","T_1794_AENT_1:3:O.Data.7",Y,"alt=T_1794_AENT_1:O.Data[3].7; type=1794-OA8I; word=102; eip=102"
"ES215","estop","O","1001","7","T_1794_AENT_1:3:O.Data.7",Y,"alt=T_1794_AENT_1:O.Data[3].7; type=1794-OA8I; word=1001; eip=102; via=configio"
"ES422","estop","O","401","10","T_1794_AENT_3:1:I.Data.8",Y,"alt=T_1794_AENT_3:I.Data[1].8; type=1794-IA16; word=401"
"ESLS101","beacon","O","101","10","T_1794_AENT_1:2:I.Data.8",Y,"alt=T_1794_AENT_1:I.Data[2].8; type=1794-IA16; word=101"
"ESLS103","beacon","O","101","11","T_1794_AENT_1:2:I.Data.9",Y,"alt=T_1794_AENT_1:I.Data[2].9; type=1794-IA16; word=101"
"ESLS201","beacon","O","101","12","T_1794_AENT_1:2:I.Data.10",Y,"alt=T_1794_AENT_1:I.Data[2].10; type=1794-IA16; word=101"
"ESLS203","beacon","O","101","13","T_1794_AENT_1:2:I.Data.11",Y,"alt=T_1794_AENT_1:I.Data[2].11; type=1794-IA16; word=101"
"ESLS301","beacon","O","101","14","T_1794_AENT_1:2:I.Data.12",Y,"alt=T_1794_AENT_1:I.Data[2].12; type=1794-IA16; word=101"
"ESLS301A","beacon","O","101","16","T_1794_AENT_1:2:I.Data.14",Y,"alt=T_1794_AENT_1:I.Data[2].14; type=1794-IA16; word=101"
"ESLS303","beacon","O","101","15","T_1794_AENT_1:2:I.Data.13",Y,"alt=T_1794_AENT_1:I.Data[2].13; type=1794-IA16; word=101"
"ESLS303A","beacon","O","101","17","T_1794_AENT_1:2:I.Data.15",Y,"alt=T_1794_AENT_1:I.Data[2].15; type=1794-IA16; word=101"
"ESLS414","beacon","O","401","11","T_1794_AENT_3:1:I.Data.9",Y,"alt=T_1794_AENT_3:I.Data[1].9; type=1794-IA16; word=401"
"ESLS418","beacon","O","401","12","T_1794_AENT_3:1:I.Data.10",Y,"alt=T_1794_AENT_3:I.Data[1].10; type=1794-IA16; word=401"
"ESLS464","beacon","O","401","13","T_1794_AENT_3:1:I.Data.11",Y,"alt=T_1794_AENT_3:I.Data[1].11; type=1794-IA16; word=401"
"ESLS466","beacon","O","401","14","T_1794_AENT_3:1:I.Data.12",Y,"alt=T_1794_AENT_3:I.Data[1].12; type=1794-IA16; word=401"
"EZPWS231A_AUX","power_supply","I","1001","16","T_1794_AENT_1:4:I.Data.6",Y,"alt=T_1794_AENT_1:I.Data[4].6; type=1794-IA16; word=1001; eip=103; via=configio"
"1ES","beacon","O","101","7","T_1794_AENT_1:2:I.Data.7",Y,"alt=T_1794_AENT_1:I.Data[2].7; type=1794-IA16; word=101"
"1WH","beacon","O","100","3","T_1794_AENT_1:1:O.Data.3",Y,"alt=T_1794_AENT_1:O.Data[1].3; type=1794-OA8I; word=100; via=configio"
"4ES","beacon","O","401","7","T_1794_AENT_3:1:I.Data.7",Y,"alt=T_1794_AENT_3:I.Data[1].7; type=1794-IA16; word=401"
"4WH","beacon","O","400","3","T_1794_AENT_2:1:O.Data.3",Y,"alt=T_1794_AENT_2:O.Data[1].3; type=1794-OA8I; word=400; eip=20; via=configio"
"8ES","beacon","O","1001","6","T_1794_AENT_1:3:O.Data.6",Y,"alt=T_1794_AENT_1:O.Data[3].6; type=1794-OA8I; word=1001; eip=102; via=configio"
"8ESR1_AUX","estop","I","1001","3","T_1794_AENT_1:4:I.Data.3",Y,"alt=T_1794_AENT_1:I.Data[4].3; type=1794-IA16; word=1001; eip=103; via=configio"
"8ESR2_AUX","estop","I","1001","4","T_1794_AENT_1:4:I.Data.4",Y,"alt=T_1794_AENT_1:I.Data[4].4; type=1794-IA16; word=1001; eip=103; via=configio"
"8MCR1","estop","O","1003","2","T_1794_AENT_5:8:O.Data.2",Y,"alt=T_1794_AENT_5:O.Data[8].2; type=1794-OB16P; word=1003; eip=84; via=configio"
"8MCR1_AUX","estop","I","1001","2","T_1794_AENT_1:4:I.Data.2",Y,"alt=T_1794_AENT_1:I.Data[4].2; type=1794-IA16; word=1001; eip=103; via=configio"
"8WH1","beacon","O","1003","3","T_1794_AENT_5:8:O.Data.3",Y,"alt=T_1794_AENT_5:O.Data[8].3; type=1794-OB16P; word=1003; eip=84; via=configio"
"M100","motor","O","102","0","T_1794_AENT_1:3:O.Data.0",Y,"alt=T_1794_AENT_1:O.Data[3].0; type=1794-OA8I; word=102; eip=102"
"M100A","motor","O","100","7","T_1794_AENT_1:1:O.Data.7",Y,"alt=T_1794_AENT_1:O.Data[1].7; type=1794-OA8I; word=100; via=configio"
"M100A_AUX","motor","I","105","6","T_1794_AENT_1:6:I.Data.6",Y,"alt=T_1794_AENT_1:I.Data[6].6; type=1794-IA16; word=105; eip=105"
"M100_AUX","motor","I","103","0","T_1794_AENT_1:4:I.Data.0",Y,"alt=T_1794_AENT_1:I.Data[4].0; type=1794-IA16; word=103; eip=103"
"M102","motor","O","102","1","T_1794_AENT_1:3:O.Data.1",Y,"alt=T_1794_AENT_1:O.Data[3].1; type=1794-OA8I; word=102; eip=102"
"M102_AUX","motor","I","103","1","T_1794_AENT_1:4:I.Data.1",Y,"alt=T_1794_AENT_1:I.Data[4].1; type=1794-IA16; word=103; eip=103"
"M106","motor","O","104","0","T_1794_AENT_1:5:O.Data.0",Y,"alt=T_1794_AENT_1:O.Data[5].0; type=1794-OA8I; word=104; eip=104"
"M106_AUX","motor","I","103","2","T_1794_AENT_1:4:I.Data.2",Y,"alt=T_1794_AENT_1:I.Data[4].2; type=1794-IA16; word=103; eip=103"
"M110","motor","O","104","1","T_1794_AENT_1:5:O.Data.1",Y,"alt=T_1794_AENT_1:O.Data[5].1; type=1794-OA8I; word=104; eip=104"
"M110_AUX","motor","I","103","3","T_1794_AENT_1:4:I.Data.3",Y,"alt=T_1794_AENT_1:I.Data[4].3; type=1794-IA16; word=103; eip=103"
"M114","motor","O","104","2","T_1794_AENT_1:5:O.Data.2",Y,"alt=T_1794_AENT_1:O.Data[5].2; type=1794-OA8I; word=104; eip=104"
"M114_AUX","motor","I","103","4","T_1794_AENT_1:4:I.Data.4",Y,"alt=T_1794_AENT_1:I.Data[4].4; type=1794-IA16; word=103; eip=103"
"M116","motor","O","402","0","T_1794_AENT_2:3:O.Data.0",Y,"alt=T_1794_AENT_2:O.Data[3].0; type=1794-OA8I; word=402; eip=402"
"M116_AUX","motor","I","403","10","T_1794_AENT_2:8:I.Data.0",Y,"alt=T_1794_AENT_2:I.Data[8].0; type=1794-IA16; word=403; eip=37; via=configio"
"M200","motor","O","102","2","T_1794_AENT_1:3:O.Data.2",Y,"alt=T_1794_AENT_1:O.Data[3].2; type=1794-OA8I; word=102; eip=102"
"M200A","motor","O","104","6","T_1794_AENT_1:5:O.Data.6",Y,"alt=T_1794_AENT_1:O.Data[5].6; type=1794-OA8I; word=104; eip=104"
"M200A_AUX","motor","I","105","7","T_1794_AENT_1:6:I.Data.7",Y,"alt=T_1794_AENT_1:I.Data[6].7; type=1794-IA16; word=105; eip=105"
"M200_AUX","motor","I","103","5","T_1794_AENT_1:4:I.Data.5",Y,"alt=T_1794_AENT_1:I.Data[4].5; type=1794-IA16; word=103; eip=103"
"M202","motor","O","102","3","T_1794_AENT_1:3:O.Data.3",Y,"alt=T_1794_AENT_1:O.Data[3].3; type=1794-OA8I; word=102; eip=102"
"M202_AUX","motor","I","103","6","T_1794_AENT_1:4:I.Data.6",Y,"alt=T_1794_AENT_1:I.Data[4].6; type=1794-IA16; word=103; eip=103"
"M206","motor","O","104","3","T_1794_AENT_1:5:O.Data.3",Y,"alt=T_1794_AENT_1:O.Data[5].3; type=1794-OA8I; word=104; eip=104"
"M206_AUX","motor","I","103","7","T_1794_AENT_1:4:I.Data.7",Y,"alt=T_1794_AENT_1:I.Data[4].7; type=1794-IA16; word=103; eip=103"
"M209","motor","O","1004","0","T_1794_AENT_5:4:O.Data.0",Y,"alt=T_1794_AENT_5:O.Data[4].0; type=1794-OA8I; word=1004; eip=1004"
"M209_AUX","motor","I","1002","0","T_1794_AENT_1:6:I.Data.0",Y,"alt=T_1794_AENT_1:I.Data[6].0; type=1794-IA16; word=1002; eip=105; via=configio"
"M211","motor","O","1004","1","T_1794_AENT_5:4:O.Data.1",Y,"alt=T_1794_AENT_5:O.Data[4].1; type=1794-OA8I; word=1004; eip=1004"
"M211_AUX","motor","I","1002","1","T_1794_AENT_1:6:I.Data.1",Y,"alt=T_1794_AENT_1:I.Data[6].1; type=1794-IA16; word=1002; eip=105; via=configio"
"M212","motor","O","104","4","T_1794_AENT_1:5:O.Data.4",Y,"alt=T_1794_AENT_1:O.Data[5].4; type=1794-OA8I; word=104; eip=104"
"M212_AUX","motor","I","103","10","T_1794_AENT_1:4:I.Data.8",Y,"alt=T_1794_AENT_1:I.Data[4].8; type=1794-IA16; word=103; eip=103"
"M213","motor","O","1004","2","T_1794_AENT_5:4:O.Data.2",Y,"alt=T_1794_AENT_5:O.Data[4].2; type=1794-OA8I; word=1004; eip=1004"
"M213_AUX","motor","I","1002","2","T_1794_AENT_1:6:I.Data.2",Y,"alt=T_1794_AENT_1:I.Data[6].2; type=1794-IA16; word=1002; eip=105; via=configio"
"M214","motor","O","402","1","T_1794_AENT_2:3:O.Data.1",Y,"alt=T_1794_AENT_2:O.Data[3].1; type=1794-OA8I; word=402; eip=402"
"M214_AUX","motor","I","403","11","T_1794_AENT_2:8:I.Data.1",Y,"alt=T_1794_AENT_2:I.Data[8].1; type=1794-IA16; word=403; eip=37; via=configio"
"M215","motor","O","1004","3","T_1794_AENT_5:4:O.Data.3",Y,"alt=T_1794_AENT_5:O.Data[4].3; type=1794-OA8I; word=1004; eip=1004"
"M215_AUX","motor","I","1002","3","T_1794_AENT_1:6:I.Data.3",Y,"alt=T_1794_AENT_1:I.Data[6].3; type=1794-IA16; word=1002; eip=105; via=configio"
"M217","motor","O","1004","4","T_1794_AENT_5:4:O.Data.4",Y,"alt=T_1794_AENT_5:O.Data[4].4; type=1794-OA8I; word=1004; eip=1004"
"M217_AUX","motor","I","1002","4","T_1794_AENT_1:6:I.Data.4",Y,"alt=T_1794_AENT_1:I.Data[6].4; type=1794-IA16; word=1002; eip=105; via=configio"
"M229","motor","O","1004","5","T_1794_AENT_5:4:O.Data.5",Y,"alt=T_1794_AENT_5:O.Data[4].5; type=1794-OA8I; word=1004; eip=1004"
"M229_AUX","motor","I","1002","5","T_1794_AENT_1:6:I.Data.5",Y,"alt=T_1794_AENT_1:I.Data[6].5; type=1794-IA16; word=1002; eip=105; via=configio"
"M231","motor","O","1004","6","T_1794_AENT_5:4:O.Data.6",Y,"alt=T_1794_AENT_5:O.Data[4].6; type=1794-OA8I; word=1004; eip=1004"
"M231A","motor","O","1004","7","T_1794_AENT_5:4:O.Data.7",Y,"alt=T_1794_AENT_5:O.Data[4].7; type=1794-OA8I; word=1004; eip=1004"
"M231A_AUX","motor","I","1002","7","T_1794_AENT_1:6:I.Data.7",Y,"alt=T_1794_AENT_1:I.Data[6].7; type=1794-IA16; word=1002; eip=105; via=configio"
"M231_AUX","motor","I","1002","6","T_1794_AENT_1:6:I.Data.6",Y,"alt=T_1794_AENT_1:I.Data[6].6; type=1794-IA16; word=1002; eip=105; via=configio"
"M300","motor","O","102","4","T_1794_AENT_1:3:O.Data.4",Y,"alt=T_1794_AENT_1:O.Data[3].4; type=1794-OA8I; word=102; eip=102"
"M300A","motor","O","104","7","T_1794_AENT_1:5:O.Data.7",Y,"alt=T_1794_AENT_1:O.Data[5].7; type=1794-OA8I; word=104; eip=104"
"M300A_AUX","motor","I","105","13","T_1794_AENT_1:6:I.Data.11",Y,"alt=T_1794_AENT_1:I.Data[6].11; type=1794-IA16; word=105; eip=105"
"M300_AUX","motor","I","103","11","T_1794_AENT_1:4:I.Data.9",Y,"alt=T_1794_AENT_1:I.Data[4].9; type=1794-IA16; word=103; eip=103"
"M302","motor","O","102","5","T_1794_AENT_1:3:O.Data.5",Y,"alt=T_1794_AENT_1:O.Data[3].5; type=1794-OA8I; word=102; eip=102"
"M302_AUX","motor","I","103","12","T_1794_AENT_1:4:I.Data.10",Y,"alt=T_1794_AENT_1:I.Data[4].10; type=1794-IA16; word=103; eip=103"
"M304","motor","O","102","6","T_1794_AENT_1:3:O.Data.6",Y,"alt=T_1794_AENT_1:O.Data[3].6; type=1794-OA8I; word=102; eip=102"
"M304_AUX","motor","I","103","13","T_1794_AENT_1:4:I.Data.11",Y,"alt=T_1794_AENT_1:I.Data[4].11; type=1794-IA16; word=103; eip=103"
"M306","motor","O","104","5","T_1794_AENT_1:5:O.Data.5",Y,"alt=T_1794_AENT_1:O.Data[5].5; type=1794-OA8I; word=104; eip=104"
"M306_AUX","motor","I","103","14","T_1794_AENT_1:4:I.Data.12",Y,"alt=T_1794_AENT_1:I.Data[4].12; type=1794-IA16; word=103; eip=103"
"M408","motor","O","402","2","T_1794_AENT_2:3:O.Data.2",Y,"alt=T_1794_AENT_2:O.Data[3].2; type=1794-OA8I; word=402; eip=402"
"M408_AUX","motor","I","403","12","T_1794_AENT_2:8:I.Data.2",Y,"alt=T_1794_AENT_2:I.Data[8].2; type=1794-IA16; word=403; eip=37; via=configio"
"M418","motor","O","402","3","T_1794_AENT_2:3:O.Data.3",Y,"alt=T_1794_AENT_2:O.Data[3].3; type=1794-OA8I; word=402; eip=402"
"M418_AUX","motor","I","403","13","T_1794_AENT_2:8:I.Data.3",Y,"alt=T_1794_AENT_2:I.Data[8].3; type=1794-IA16; word=403; eip=37; via=configio"
"M420","motor","O","402","4","T_1794_AENT_2:3:O.Data.4",Y,"alt=T_1794_AENT_2:O.Data[3].4; type=1794-OA8I; word=402; eip=402"
"M420_AUX","motor","I","403","14","T_1794_AENT_2:8:I.Data.4",Y,"alt=T_1794_AENT_2:I.Data[8].4; type=1794-IA16; word=403; eip=37; via=configio"
"M426","motor","O","402","5","T_1794_AENT_2:3:O.Data.5",Y,"alt=T_1794_AENT_2:O.Data[3].5; type=1794-OA8I; word=402; eip=402"
"M426_AUX","motor","I","403","15","T_1794_AENT_2:8:I.Data.5",Y,"alt=T_1794_AENT_2:I.Data[8].5; type=1794-IA16; word=403; eip=37; via=configio"
"M430","motor","O","402","6","T_1794_AENT_2:3:O.Data.6",Y,"alt=T_1794_AENT_2:O.Data[3].6; type=1794-OA8I; word=402; eip=402"
"M430_AUX","motor","I","403","16","T_1794_AENT_2:8:I.Data.6",Y,"alt=T_1794_AENT_2:I.Data[8].6; type=1794-IA16; word=403; eip=37; via=configio"
"M432","motor","O","402","7","T_1794_AENT_2:3:O.Data.7",Y,"alt=T_1794_AENT_2:O.Data[3].7; type=1794-OA8I; word=402; eip=402"
"M432_AUX","motor","I","403","17","T_1794_AENT_2:8:I.Data.7",Y,"alt=T_1794_AENT_2:I.Data[8].7; type=1794-IA16; word=403; eip=37; via=configio"
"M436","motor","O","404","0","T_1794_AENT_2:5:O.Data.0",Y,"alt=T_1794_AENT_2:O.Data[5].0; type=1794-OA8I; word=404; eip=404"
"M436_AUX","motor","I","405","0","T_1794_AENT_2:6:I.Data.0",Y,"alt=T_1794_AENT_2:I.Data[6].0; type=1794-IA16; word=405; eip=405"
"M446","motor","O","411","1","",N,"UNMAPPED word 411 \u2014 not in Configio/EIPCSV (other panel/PLC bank, or missing module)"
"M446_AUX","motor","I","407","1","T_1794_AENT_2:8:I.Data.1",Y,"alt=T_1794_AENT_2:I.Data[8].1; type=1794-IA16; word=407; eip=407"
"M448","motor","O","404","1","T_1794_AENT_2:5:O.Data.1",Y,"alt=T_1794_AENT_2:O.Data[5].1; type=1794-OA8I; word=404; eip=404"
"M448_AUX","motor","I","405","1","T_1794_AENT_2:6:I.Data.1",Y,"alt=T_1794_AENT_2:I.Data[6].1; type=1794-IA16; word=405; eip=405"
"M450","motor","O","404","2","T_1794_AENT_2:5:O.Data.2",Y,"alt=T_1794_AENT_2:O.Data[5].2; type=1794-OA8I; word=404; eip=404"
"M450_AUX","motor","I","405","2","T_1794_AENT_2:6:I.Data.2",Y,"alt=T_1794_AENT_2:I.Data[6].2; type=1794-IA16; word=405; eip=405"
"M456","motor","O","404","3","T_1794_AENT_2:5:O.Data.3",Y,"alt=T_1794_AENT_2:O.Data[5].3; type=1794-OA8I; word=404; eip=404"
"M456_AUX","motor","I","405","3","T_1794_AENT_2:6:I.Data.3",Y,"alt=T_1794_AENT_2:I.Data[6].3; type=1794-IA16; word=405; eip=405"
"M818","motor","O","404","4","T_1794_AENT_2:5:O.Data.4",Y,"alt=T_1794_AENT_2:O.Data[5].4; type=1794-OA8I; word=404; eip=404"
"M818_AUX","motor","I","405","4","T_1794_AENT_2:6:I.Data.4",Y,"alt=T_1794_AENT_2:I.Data[6].4; type=1794-IA16; word=405; eip=405"
"M822","motor","O","404","5","T_1794_AENT_2:5:O.Data.5",Y,"alt=T_1794_AENT_2:O.Data[5].5; type=1794-OA8I; word=404; eip=404"
"M822_AUX","motor","I","405","5","T_1794_AENT_2:6:I.Data.5",Y,"alt=T_1794_AENT_2:I.Data[6].5; type=1794-IA16; word=405; eip=405"
"M824","motor","O","404","6","T_1794_AENT_2:5:O.Data.6",Y,"alt=T_1794_AENT_2:O.Data[5].6; type=1794-OA8I; word=404; eip=404"
"M824_AUX","motor","I","405","6","T_1794_AENT_2:6:I.Data.6",Y,"alt=T_1794_AENT_2:I.Data[6].6; type=1794-IA16; word=405; eip=405"
"M826","motor","O","404","7","T_1794_AENT_2:5:O.Data.7",Y,"alt=T_1794_AENT_2:O.Data[5].7; type=1794-OA8I; word=404; eip=404"
"M826_AUX","motor","I","405","7","T_1794_AENT_2:6:I.Data.7",Y,"alt=T_1794_AENT_2:I.Data[6].7; type=1794-IA16; word=405; eip=405"
"M828","motor","O","406","0","T_1794_AENT_2:7:O.Data.0",Y,"alt=T_1794_AENT_2:O.Data[7].0; type=1794-OA8I; word=406; eip=406"
"M828_AUX","motor","I","405","10","T_1794_AENT_2:6:I.Data.8",Y,"alt=T_1794_AENT_2:I.Data[6].8; type=1794-IA16; word=405; eip=405"
"M832","motor","O","406","1","T_1794_AENT_2:7:O.Data.1",Y,"alt=T_1794_AENT_2:O.Data[7].1; type=1794-OA8I; word=406; eip=406"
"M832_AUX","motor","I","405","11","T_1794_AENT_2:6:I.Data.9",Y,"alt=T_1794_AENT_2:I.Data[6].9; type=1794-IA16; word=405; eip=405"
"PS304","power_supply","O","105","16","T_1794_AENT_1:6:I.Data.14",Y,"alt=T_1794_AENT_1:I.Data[6].14; type=1794-IA16; word=105"
"PS414","power_supply","O","403","6","T_1794_AENT_3:3:I.Data.6",Y,"alt=T_1794_AENT_3:I.Data[3].6; type=1794-IA16; word=403"
"SSV424A1","digital_out","O","423","16","T_1794_AENT_4:4:O.Data.14",Y,"alt=T_1794_AENT_4:O.Data[4].14; type=1794-OB16P; word=423; eip=423"
"SSV424A2","digital_out","O","423","17","T_1794_AENT_4:4:O.Data.15",Y,"alt=T_1794_AENT_4:O.Data[4].15; type=1794-OB16P; word=423; eip=423"
"SSVEZPE231A_P","digital_out","O","1007","4","T_1794_AENT_5:7:O.Data.4",Y,"alt=T_1794_AENT_5:O.Data[7].4; type=1794-OB16P; word=1007; eip=1007"
"VFD118_AUX","vfd","I","424","0","T_1794_AENT_4:5:I.Data.0",Y,"alt=T_1794_AENT_4:I.Data[5].0; type=1794-IB16; word=424; eip=86; via=configio"
"VFD118_EN","vfd","O","423","0","T_1794_AENT_4:4:O.Data.0",Y,"alt=T_1794_AENT_4:O.Data[4].0; type=1794-OB16P; word=423; eip=423"
"VFD118_FLT","vfd","O","424","1","T_1794_AENT_4:5:I.Data.1",Y,"alt=T_1794_AENT_4:I.Data[5].1; type=1794-IB16; word=424"
"VFD120_AUX","vfd","I","424","2","T_1794_AENT_4:5:I.Data.2",Y,"alt=T_1794_AENT_4:I.Data[5].2; type=1794-IB16; word=424; eip=86; via=configio"
"VFD120_EN","vfd","O","423","1","T_1794_AENT_4:4:O.Data.1",Y,"alt=T_1794_AENT_4:O.Data[4].1; type=1794-OB16P; word=423; eip=423"
"VFD216_AUX","vfd","I","424","3","T_1794_AENT_4:5:I.Data.3",Y,"alt=T_1794_AENT_4:I.Data[5].3; type=1794-IB16; word=424; eip=86; via=configio"
"VFD216_EN","vfd","O","423","2","T_1794_AENT_4:4:O.Data.2",Y,"alt=T_1794_AENT_4:O.Data[4].2; type=1794-OB16P; word=423; eip=423"
"VFD218_AUX","vfd","I","424","5","T_1794_AENT_4:5:I.Data.5",Y,"alt=T_1794_AENT_4:I.Data[5].5; type=1794-IB16; word=424; eip=86; via=configio"
"VFD218_EN","vfd","O","423","3","T_1794_AENT_4:4:O.Data.3",Y,"alt=T_1794_AENT_4:O.Data[4].3; type=1794-OB16P; word=423; eip=423"
"VFD219","vfd","O","1010","1","T_1794_AENT_5:8:O.Data.1",Y,"alt=T_1794_AENT_5:O.Data[8].1; type=1794-OB16P; word=1010; eip=1010"
"VFD219A","vfd","O","1010","0","T_1794_AENT_5:8:O.Data.0",Y,"alt=T_1794_AENT_5:O.Data[8].0; type=1794-OB16P; word=1010; eip=1010"
"VFD219A_AUX","vfd","I","1006","17","T_1794_AENT_5:6:I.Data.15",Y,"alt=T_1794_AENT_5:I.Data[6].15; type=1794-IB16; word=1006; eip=1006"
"VFD219_AUX","vfd","I","1006","15","T_1794_AENT_5:6:I.Data.13",Y,"alt=T_1794_AENT_5:I.Data[6].13; type=1794-IB16; word=1006; eip=1006"
"VFD410_AUX","vfd","I","424","6","T_1794_AENT_4:5:I.Data.6",Y,"alt=T_1794_AENT_4:I.Data[5].6; type=1794-IB16; word=424; eip=86; via=configio"
"VFD410_EN","vfd","O","423","4","T_1794_AENT_4:4:O.Data.4",Y,"alt=T_1794_AENT_4:O.Data[4].4; type=1794-OB16P; word=423; eip=423"
"VFD412_AUX","vfd","I","424","10","T_1794_AENT_4:5:I.Data.0",Y,"alt=T_1794_AENT_4:I.Data[5].0; type=1794-IB16; word=424; eip=86; via=configio"
"VFD412_EN","vfd","O","423","5","T_1794_AENT_4:4:O.Data.5",Y,"alt=T_1794_AENT_4:O.Data[4].5; type=1794-OB16P; word=423; eip=423"
"VFD414_AUX","vfd","I","424","11","T_1794_AENT_4:5:I.Data.1",Y,"alt=T_1794_AENT_4:I.Data[5].1; type=1794-IB16; word=424; eip=86; via=configio"
"VFD414_EN","vfd","O","423","6","T_1794_AENT_4:4:O.Data.6",Y,"alt=T_1794_AENT_4:O.Data[4].6; type=1794-OB16P; word=423; eip=423"
"VFD422_AUX","vfd","I","424","12","T_1794_AENT_4:5:I.Data.2",Y,"alt=T_1794_AENT_4:I.Data[5].2; type=1794-IB16; word=424; eip=86; via=configio"
"VFD422_EN","vfd","O","423","7","T_1794_AENT_4:4:O.Data.7",Y,"alt=T_1794_AENT_4:O.Data[4].7; type=1794-OB16P; word=423; eip=423"
"VFD424_AUX","vfd","I","424","14","T_1794_AENT_4:5:I.Data.4",Y,"alt=T_1794_AENT_4:I.Data[5].4; type=1794-IB16; word=424; eip=86; via=configio"
"VFD424_EN","vfd","O","423","10","T_1794_AENT_4:4:O.Data.8",Y,"alt=T_1794_AENT_4:O.Data[4].8; type=1794-OB16P; word=423; eip=423"
"VFD834_AUX","vfd","I","424","15","T_1794_AENT_4:5:I.Data.5",Y,"alt=T_1794_AENT_4:I.Data[5].5; type=1794-IB16; word=424; eip=86; via=configio"
"VFD834_EN","vfd","O","423","11","T_1794_AENT_4:4:O.Data.9",Y,"alt=T_1794_AENT_4:O.Data[4].9; type=1794-OB16P; word=423; eip=423"
"VFD836_AUX","vfd","I","424","17","T_1794_AENT_4:5:I.Data.7",Y,"alt=T_1794_AENT_4:I.Data[5].7; type=1794-IB16; word=424; eip=86; via=configio"
"VFD836_EN","vfd","O","423","12","T_1794_AENT_4:4:O.Data.10",Y,"alt=T_1794_AENT_4:O.Data[4].10; type=1794-OB16P; word=423; eip=423"
"WH300","beacon","O","100","4","T_1794_AENT_1:1:O.Data.4",Y,"alt=T_1794_AENT_1:O.Data[1].4; type=1794-OA8I; word=100; via=configio"
"EZPWS116","power_supply","O","412","0","",N,"UNMAPPED word 412 \u2014 not in Configio/EIPCSV (other panel/PLC bank, or missing module)"
"SSVEZPE116_P","digital_out","O","421","0","T_1794_AENT_4:2:O.Data.0",Y,"alt=T_1794_AENT_4:O.Data[2].0; type=1794-OB16P; word=421; eip=421"
"EZPWS209_AUX","power_supply","I","1001","12","T_1794_AENT_1:4:I.Data.2",Y,"alt=T_1794_AENT_1:I.Data[4].2; type=1794-IA16; word=1001; eip=103; via=configio"
"EZPWS212","power_supply","O","105","10","T_1794_AENT_1:6:I.Data.8",Y,"alt=T_1794_AENT_1:I.Data[6].8; type=1794-IA16; word=105"
"EZPWS213_AUX","power_supply","I","1001","13","T_1794_AENT_1:4:I.Data.3",Y,"alt=T_1794_AENT_1:I.Data[4].3; type=1794-IA16; word=1001; eip=103; via=configio"
"EZPWS214","power_supply","O","412","1","",N,"UNMAPPED word 412 \u2014 not in Configio/EIPCSV (other panel/PLC bank, or missing module)"
"EZPWS217_AUX","power_supply","I","1001","14","T_1794_AENT_1:4:I.Data.4",Y,"alt=T_1794_AENT_1:I.Data[4].4; type=1794-IA16; word=1001; eip=103; via=configio"
"EZPWS229_AUX","power_supply","I","1001","15","T_1794_AENT_1:4:I.Data.5",Y,"alt=T_1794_AENT_1:I.Data[4].5; type=1794-IA16; word=1001; eip=103; via=configio"
"SSVEZPE209_P","digital_out","O","1007","0","T_1794_AENT_5:7:O.Data.0",Y,"alt=T_1794_AENT_5:O.Data[7].0; type=1794-OB16P; word=1007; eip=1007"
"SSVEZPE212_P1","digital_out","O","106","0","T_1794_AENT_1:7:O.Data.0",Y,"alt=T_1794_AENT_1:O.Data[7].0; type=1794-OB16P; word=106; eip=106"
"SSVEZPE213_P","digital_out","O","1007","1","T_1794_AENT_5:7:O.Data.1",Y,"alt=T_1794_AENT_5:O.Data[7].1; type=1794-OB16P; word=1007; eip=1007"
"SSVEZPE214_P","digital_out","O","421","1","T_1794_AENT_4:2:O.Data.1",Y,"alt=T_1794_AENT_4:O.Data[2].1; type=1794-OB16P; word=421; eip=421"
"SSVEZPE217_P","digital_out","O","1007","2","T_1794_AENT_5:7:O.Data.2",Y,"alt=T_1794_AENT_5:O.Data[7].2; type=1794-OB16P; word=1007; eip=1007"
"SSVEZPE229_P","digital_out","O","1007","3","T_1794_AENT_5:7:O.Data.3",Y,"alt=T_1794_AENT_5:O.Data[7].3; type=1794-OB16P; word=1007; eip=1007"
"WB215","beacon","O","1003","5","T_1794_AENT_5:8:O.Data.5",Y,"alt=T_1794_AENT_5:O.Data[8].5; type=1794-OB16P; word=1003; eip=84; via=configio"
"LS305","digital_in","I","105","14","T_1794_AENT_1:6:I.Data.12",Y,"alt=T_1794_AENT_1:I.Data[6].12; type=1794-IA16; word=105; eip=105"
"EZPWS304","power_supply","O","105","11","T_1794_AENT_1:6:I.Data.9",Y,"alt=T_1794_AENT_1:I.Data[6].9; type=1794-IA16; word=105"
"PWS305","power_supply","O","105","12","T_1794_AENT_1:6:I.Data.10",Y,"alt=T_1794_AENT_1:I.Data[6].10; type=1794-IA16; word=105"
"SSVEZPE304_P","digital_out","O","106","1","T_1794_AENT_1:7:O.Data.1",Y,"alt=T_1794_AENT_1:O.Data[7].1; type=1794-OB16P; word=106; eip=106"
"PRS424","digital_in","I","422","5","T_1794_AENT_4:1:I.Data.5",Y,"alt=T_1794_AENT_4:I.Data[1].5; type=1794-IB16; word=422; eip=82; via=configio"
"ENC414","encoder","I","422","10","T_1794_AENT_4:1:I.Data.0",Y,"alt=T_1794_AENT_4:I.Data[1].0; type=1794-IB16; word=422; eip=82; via=configio"
"ENC424","encoder","I","422","11","T_1794_AENT_4:1:I.Data.1",Y,"alt=T_1794_AENT_4:I.Data[1].1; type=1794-IB16; word=422; eip=82; via=configio"
"EZPWS408","power_supply","O","412","2","",N,"UNMAPPED word 412 \u2014 not in Configio/EIPCSV (other panel/PLC bank, or missing module)"
"EZPWS418","power_supply","O","412","3","",N,"UNMAPPED word 412 \u2014 not in Configio/EIPCSV (other panel/PLC bank, or missing module)"
"EZPWS450","power_supply","O","412","4","",N,"UNMAPPED word 412 \u2014 not in Configio/EIPCSV (other panel/PLC bank, or missing module)"
"EZPWS456","power_supply","O","412","5","",N,"UNMAPPED word 412 \u2014 not in Configio/EIPCSV (other panel/PLC bank, or missing module)"
"SSVEZPE408_P","digital_out","O","421","2","T_1794_AENT_4:2:O.Data.2",Y,"alt=T_1794_AENT_4:O.Data[2].2; type=1794-OB16P; word=421; eip=421"
"SSVEZPE418_P","digital_out","O","421","3","T_1794_AENT_4:2:O.Data.3",Y,"alt=T_1794_AENT_4:O.Data[2].3; type=1794-OB16P; word=421; eip=421"
"SSVEZPE450_P","digital_out","O","421","4","T_1794_AENT_4:2:O.Data.4",Y,"alt=T_1794_AENT_4:O.Data[2].4; type=1794-OB16P; word=421; eip=421"
"SSVEZPE456_P","digital_out","O","421","5","T_1794_AENT_4:2:O.Data.5",Y,"alt=T_1794_AENT_4:O.Data[2].5; type=1794-OB16P; word=421; eip=421"
"WB414","beacon","O","413","4","",N,"UNMAPPED word 413 \u2014 not in Configio/EIPCSV (other panel/PLC bank, or missing module)"
"WB462","beacon","O","413","5","",N,"UNMAPPED word 413 \u2014 not in Configio/EIPCSV (other panel/PLC bank, or missing module)"
"EZPWS828","power_supply","O","412","6","",N,"UNMAPPED word 412 \u2014 not in Configio/EIPCSV (other panel/PLC bank, or missing module)"
"EZPWS832","power_supply","O","412","7","",N,"UNMAPPED word 412 \u2014 not in Configio/EIPCSV (other panel/PLC bank, or missing module)"
"SSVEZPE828_P","digital_out","O","421","6","T_1794_AENT_4:2:O.Data.6",Y,"alt=T_1794_AENT_4:O.Data[2].6; type=1794-OB16P; word=421; eip=421"
"SSVEZPE832_P","digital_out","O","421","7","T_1794_AENT_4:2:O.Data.7",Y,"alt=T_1794_AENT_4:O.Data[2].7; type=1794-OB16P; word=421; eip=421"